Data Source,World Development Indicators,,,,,,,,,,,,,,,,,,,,,,,,,,,,,,,,,,,,,,,,,,,,,,,,,,,,,,,,,,,,,
,,,,,,,,,,,,,,,,,,,,,,,,,,,,,,,,,,,,,,,,,,,,,,,,,,,,,,,,,,,,,,
Last Updated Date,2019-06-28,,,,,,,,,,,,,,,,,,,,,,,,,,,,,,,,,,,,,,,,,,,,,,,,,,,,,,,,,,,,,
,,,,,,,,,,,,,,,,,,,,,,,,,,,,,,,,,,,,,,,,,,,,,,,,,,,,,,,,,,,,,,
Country Name,Country Code,Indicator Name,Indicator Code,1960,1961,1962,1963,1964,1965,1966,1967,1968,1969,1970,1971,1972,1973,1974,1975,1976,1977,1978,1979,1980,1981,1982,1983,1984,1985,1986,1987,1988,1989,1990,1991,1992,1993,1994,1995,1996,1997,1998,1999,2000,2001,2002,2003,2004,2005,2006,2007,2008,2009,2010,2011,2012,2013,2014,2015,2016,2017,2018
Aruba,ABW,Tax revenue (current LCU),GC.TAX.TOTL.CN,,,,,,,,,,,,,,,,,,,,,,,,,,,,,,,,,,,,,,,,,,,,,,,,,,,,,,,,,,,
Afghanistan,AFG,Tax revenue (current LCU),GC.TAX.TOTL.CN,,,,,,,,,,,,,,,,,,,,,,,,,,,,,,,,,,,,,,,,,,,,,,,24250612199,25646905182,31355872126,51882246429,66593592311,75823714798,79297407099,81114839641,80965841103,92750755157,1.1621E+11,1.27241E+11,
Angola,AGO,Tax revenue (current LCU),GC.TAX.TOTL.CN,,,,,,,,,,,,,,,,,,,,,,,,,,,,,,,,,,,,,,,,2797837874,26311270993,57648356492,1.03353E+11,2.282E+11,3.5563E+11,5.51316E+11,9.8446E+11,1.07632E+12,1.70403E+12,1.02406E+12,1.27847E+12,1.69101E+12,1.81207E+12,1.87168E+12,1.93983E+12,1.53481E+12,1.61069E+12,1.86895E+12,
Albania,ALB,Tax revenue (current LCU),GC.TAX.TOTL.CN,,,,,,,,,,,,,,,,,,,,,,,,,,,,,,,,,,,,30167000000,29629954000,32817102000,56068290000,,,,1.00635E+11,1.16545E+11,1.3252E+11,,,,,,,2.34399E+11,2.33018E+11,2.22803E+11,2.55368E+11,2.65573E+11,2.59012E+11,2.92878E+11,
Andorra,AND,Tax revenue (current LCU),GC.TAX.TOTL.CN,,,,,,,,,,,,,,,,,,,,,,,,,,,,,,,,,,,,,,,,,,,,,,,,,,,,,,,,,,,
Arab World,ARB,Tax revenue (current LCU),GC.TAX.TOTL.CN,,,,,,,,,,,,,,,,,,,,,,,,,,,,,,,,,,,,,,,,,,,,,,,,,,,,,,,,,,,
United Arab Emirates,ARE,Tax revenue (current LCU),GC.TAX.TOTL.CN,,,,,,,,,,,,,,,,,,,,,,,,,,,,,,,,,,,,,,2872000000,2990000000,3481000000,,,,,,,,,,,,4139235255,5004550467,5307334205,5266555943,759347330.5,570323390.7,941124350.7,
Argentina,ARG,Tax revenue (current LCU),GC.TAX.TOTL.CN,,,,,,,,,,,,,,,,,,,,,,,,,,,,,,,3334800000,9059800000,12573700000,18956200000,20920700000,20782800000,22239500000,25449700000,26996600000,25732900000,27347800000,25055700000,30692100000,47059282177,63553873916,76331000000,92200500000,1.11659E+11,1.53108E+11,1.54532E+11,2.13582E+11,2.75944E+11,3.41685E+11,4.16962E+11,5.77467E+11,7.34579E+11,9.95384E+11,1.16619E+12,
Armenia,ARM,Tax revenue (current LCU),GC.TAX.TOTL.CN,,,,,,,,,,,,,,,,,,,,,,,,,,,,,,,,,,,,,,,,,,,,,2.67044E+11,3.21532E+11,3.82385E+11,5.02705E+11,6.1808E+11,5.18557E+11,5.90658E+11,6.5054E+11,7.46274E+11,9.8339E+11,1.04294E+12,1.05569E+12,1.07819E+12,1.15634E+12,
American Samoa,ASM,Tax revenue (current LCU),GC.TAX.TOTL.CN,,,,,,,,,,,,,,,,,,,,,,,,,,,,,,,,,,,,,,,,,,,,,,,,,,,,,,,,,,,
Antigua and Barbuda,ATG,Tax revenue (current LCU),GC.TAX.TOTL.CN,,,,,,,,,,,,,,,,,,,,,,,,,,,,,,,,,,,,,,,,,,,,,,,,,,,,,,,,,,,
Australia,AUS,Tax revenue (current LCU),GC.TAX.TOTL.CN,,,,,,,,,,,,,7948000000,8479000000,10900000000,14162000000,16920000000,19755000000,21438000000,23477000000,27478000000,32700000000,37961000000,41131000000,44902000000,52971000000,58840000000,66469000000,75073000000,83393000000,90774000000,92737000000,87365000000,88759000000,93359000000,1.04919E+11,1.15698E+11,1.24557E+11,1.30981E+11,1.39378E+11,1.52575E+11,1.75011E+11,1.77463E+11,1.94826E+11,2.0956E+11,2.29128E+11,2.45218E+11,2.61979E+11,2.85659E+11,2.78E+11,2.67161E+11,2.88066E+11,3.17864E+11,3.38369E+11,3.51512E+11,3.57403E+11,3.69914E+11,3.8978E+11,
Austria,AUT,Tax revenue (current LCU),GC.TAX.TOTL.CN,,,,,,,,,,,,,6629215933,7642275241,8794139663,9132068342,10004142352,11143652391,12296243541,13324564145,14333263083,15579602189,16073050733,16977100790,18747411030,18887669600,19748115957,20216129009,22209544850,22788020610,24732745652,26790113588,29476101538,30472446095,30995690501,43445940000,47351170000,50573650000,52797300000,54280970000,56018470000,61671100000,61162960000,61784320000,63758610000,64824590000,67091210000,72107670000,76605820000,72659580000,74807510000,78859470000,82620990000,85561440000,88010190000,92354240000,90899630000,93880800000,
Azerbaijan,AZE,Tax revenue (current LCU),GC.TAX.TOTL.CN,,,,,,,,,,,,,,,,,,,,,,,,,,,,,,,,,,,95770200,383104000,269173600,337742600,436245200,480700800,,,,,,,,,6591000000,5022200000,5162800000,6366900000,6995500000,7789600000,8387400000,8485000000,8795200000,9259300000,
Burundi,BDI,Tax revenue (current LCU),GC.TAX.TOTL.CN,,,,,,,,,,,,,,,,,,,,,,,,,,,,,,,,32087000000,34117000000,34023000000,36498000000,41673000000,35358000000,39149000000,55444890000,59956350000,,,,,,,,,,,3.46544E+11,4.37923E+11,4.8792E+11,5.14221E+11,,,,,
Belgium,BEL,Tax revenue (current LCU),GC.TAX.TOTL.CN,,,,,,,,,,,,,,,,,,,,,,,,,,,,,,,,,,,,53932400000,55778700000,59537100000,63187700000,65446200000,69926000000,70806100000,70260500000,70515500000,75801700000,78970700000,82223500000,85178100000,88826300000,82384200000,88839500000,93682100000,99605100000,1.02755E+11,1.05017E+11,1.01243E+11,97956000000,1.03921E+11,
Benin,BEN,Tax revenue (current LCU),GC.TAX.TOTL.CN,,,,,,,,,,,,,,,,,21791000000,23905000000,25697000000,27225000000,,,,,,,,,,,,,,,,,,,,,,,,,,,,,,,,,,,,,,,
Burkina Faso,BFA,Tax revenue (current LCU),GC.TAX.TOTL.CN,,,,,,,,,,,,,,,,,,,,,,,,,,,,,,,,,,,,,,,,,,,2.42778E+11,2.71103E+11,3.24604E+11,3.38646E+11,3.6868E+11,4.11682E+11,4.44671E+11,4.94579E+11,5.6575E+11,6.95634E+11,8.90778E+11,9.9261E+11,9.40682E+11,9.28991E+11,1.0753E+12,1.25005E+12,
Bangladesh,BGD,Tax revenue (current LCU),GC.TAX.TOTL.CN,,,,,,,,,,,,,,,,,,,,,,,,,,,,,,,,,,,,,,,,,,1.92608E+11,2.10297E+11,2.42612E+11,2.70086E+11,3.04746E+11,3.39725E+11,3.80311E+11,4.81321E+11,5.28671E+11,6.24846E+11,7.95482E+11,9.52276E+11,1.07452E+12,1.16031E+12,1.28818E+12,1.51886E+12,,
Bulgaria,BGR,Tax revenue (current LCU),GC.TAX.TOTL.CN,,,,,,,,,,,,,,,,,,,,,,,,,,,,,,,10818000,30307000,33942000,45474000,111632000,156395000,299309000,2813728000,4269325000,4228466000,4792168000,5311283000,5210915000,7243942000,8674727000,9548149000,11235579000,14522003000,16136459000,13891750000,13795981000,14326025000,15568663000,16285659000,16353623000,17893405000,18864621000,20294916000,
Bahrain,BHR,Tax revenue (current LCU),GC.TAX.TOTL.CN,,,,,,,,,,,,,,,,,,,,,,,,,,,,,,,82500000,87500000,96300000,104600000,108300000,105500000,115700000,121700000,131700000,124800000,127200000,138500000,129100000,137700000,208500000,69760000,81140000,93560000,119470000,117570000,113720000,120551492.1,,130900000,,,,,
"Bahamas, The",BHS,Tax revenue (current LCU),GC.TAX.TOTL.CN,,,,,,,,,,,,,,,,,,,,,,,,,,,,,,,438900000,424300000,479800000,476000000,544800000,594800000,615300000,658264000,681443000,793258000,862461000,820100000,799224000,823900000,853763000,983788000,1143646000,1206123000,1275895000,1123177000,1098106000,1296904000,1276645000,1215545000,1245545000,1500448000,1676235000,1836595855,
Bosnia and Herzegovina,BIH,Tax revenue (current LCU),GC.TAX.TOTL.CN,,,,,,,,,,,,,,,,,,,,,,,,,,,,,,,,,,,,,,,,,,,,,,3509962721,4350400906,4823949756,5180963259,4698398595,4993262489,5326432261,5369765873,5289217551,5410978731,5699003690,5966385797,6356617720,
Belarus,BLR,Tax revenue (current LCU),GC.TAX.TOTL.CN,,,,,,,,,,,,,,,,,,,,,,,,,,,,,,,,,1890,26240,440380,2414420,3606530,7606070,12015610,50451980,151847000,270558000,371191000,646762640,918416700,1311079700,1761558200,2305411800,3290636668,2647085700,2782247050,4457840000,8029690000,8957020000,10231733730,12743002305,13091791832,13767364091,
Belize,BLZ,Tax revenue (current LCU),GC.TAX.TOTL.CN,,,,,,,,,,,,,,,,,,,,,,,,,,,,,,,176836000,184212000,206628000,218590000,231371000,232589000,250638000,257214000,271441000,255013000,296677000,326111000,359961000,379795000,416017000,474746000,530429000,591664000,593959000,601126000,659344000,671122000,704064096.8,751862396.1,849419290.4,864329903.1,924672689.1,967444231.6,
Bermuda,BMU,Tax revenue (current LCU),GC.TAX.TOTL.CN,,,,,,,,,,,,,,,,,,,,,,,,,,,,,,,,,,,,,,,,,,,,,,,,,,,,,,,,,,,
Bolivia,BOL,Tax revenue (current LCU),GC.TAX.TOTL.CN,,,,,,,,,,,,,,,,,,,,,,,,,,195400000,610300000,710200000,786700000,900600000,1117500000,1517700000,1959200000,2327600000,2776200000,3134000000,4614700000,5255600000,6342800000,5797900000,6403200000,6337870000,7473057692,8030864314,10455300000,12489538390,15428463543,17475369492,,,,,,,,,,,
Brazil,BRA,Tax revenue (current LCU),GC.TAX.TOTL.CN,,,,,,,,,,,,,,,,,,,,,0.545454545,1.090909091,2.181818182,5.345454545,14.47272727,53.12727273,144.3272727,423.6,3094.290909,42265.23636,1386909.091,5745090.909,62389618.18,1480218182,41541700000,,,97070300000,1.19804E+11,1.43226E+11,1.65173E+11,1.91571E+11,2.34039E+11,2.61891E+11,3.084E+11,3.58775E+11,3.70605E+11,4.29136E+11,4.81796E+11,4.80542E+11,5.29386E+11,6.22327E+11,6.57285E+11,7.1666E+11,7.37492E+11,7.68951E+11,8.00507E+11,8.32649E+11,
Barbados,BRB,Tax revenue (current LCU),GC.TAX.TOTL.CN,,,,,,,,,,,,,,,,,,,,,,,,,,,,,,,,,,,,,,,,,,,,1620375000,1775600000,2042267000,2132761547,2426717861,2433534913,2207266284,2238991503,2417521474,2256243148,2158077436,2208882866,2394447508,,,
Brunei Darussalam,BRN,Tax revenue (current LCU),GC.TAX.TOTL.CN,,,,,,,,,,,,,,,,,,,,,,,,,,,,,,,,,,,,,,,,,,,,,,,,,,,,,,,,,,,
Bhutan,BTN,Tax revenue (current LCU),GC.TAX.TOTL.CN,,,,,,,,,,,,,,,,,,,,,,,76500000,105000000,138600000,135900000,171500000,,235900000,232500000,231700000,281600000,328200000,447100000,503300000,649800000,844200000,868900000,1246390000,1265800000,1977100000,1916900000,2414588000,2713560000,2446597000,3014127000,3673222000,3718873000,4607218000,5654082000,9528495680,11474687302,14329633506,15151183529,15943695000,16856025562,18632077593,19805060000,
Botswana,BWA,Tax revenue (current LCU),GC.TAX.TOTL.CN,,,,,,,,,,,,,,,,,,,,,,,,,,,,,,,1939510000,2037100000,2435900000,2387500000,2277400000,2198700000,2407100000,,,,,,,,,,15919000000,17266840000,20454250000,20044980000,20504560000,24846060000,29791760000,32052910000,37621320000,36060110000,35563750000,39884397000,
Central African Republic,CAF,Tax revenue (current LCU),GC.TAX.TOTL.CN,,,,,,,,,,,,,,,,,,,,,,,,,,,,,,,,,,,,,,,,,,,,,41680154865,,,,73652850019,76892480359,89135596491,86631395622,1.04734E+11,,16750753111,58846140876,75874432156,,
Canada,CAN,Tax revenue (current LCU),GC.TAX.TOTL.CN,,,,,,,,,,,,,,,,,,,,,,,,,,,,,,,98150000000,1.01039E+11,1.028E+11,1.01988E+11,1.0354E+11,1.10498E+11,1.19332E+11,1.32114E+11,1.37962E+11,1.48163E+11,1.64336E+11,1.62312E+11,1.59687E+11,1.65989E+11,1.78249E+11,1.89062E+11,1.99766E+11,2.10372E+11,2.0531E+11,1.93343E+11,1.95474E+11,2.09409E+11,2.13133E+11,2.21108E+11,2.35565E+11,2.46612E+11,2.52068E+11,2.67645E+11,
Central Europe and the Baltics,CEB,Tax revenue (current LCU),GC.TAX.TOTL.CN,,,,,,,,,,,,,,,,,,,,,,,,,,,,,,,,,,,,,,,,,,,,,,,,,,,,,,,,,,,
Switzerland,CHE,Tax revenue (current LCU),GC.TAX.TOTL.CN,,,,,,,,,,,,,9561000000,10144000000,11269000000,11316000000,13155000000,12973000000,13819000000,13623000000,14976000000,16111000000,17753000000,18373000000,20042000000,20921000000,23780000000,23669000000,26300000000,26639000000,29017065642,29395263606,30632255394,28859087571,31711170610,32427926786,34442959890,35004966087,40175317429,39360154931,46884851256,43310996659,43188569510,43680880582,45210376316,47985843582,51445030444,53919921412,59520268614,57044898376,59173615127,59962018776,59636952431,61282958640,61085012790,64389469402,64370346421,70156016002,
Channel Islands,CHI,Tax revenue (current LCU),GC.TAX.TOTL.CN,,,,,,,,,,,,,,,,,,,,,,,,,,,,,,,,,,,,,,,,,,,,,,,,,,,,,,,,,,,
Chile,CHL,Tax revenue (current LCU),GC.TAX.TOTL.CN,,,,,,,,,,,,,40000000,210000000,1570000000,7710000000,24830000000,56410000000,94570000000,1.4575E+11,2.1569E+11,2.708E+11,2.5469E+11,3.0222E+11,3.8703E+11,5.1632E+11,6.5529E+11,8.2076E+11,9.1708E+11,1.11216E+12,1.34357E+12,2.01202E+12,2.62367E+12,3.25063E+12,3.74272E+12,4.4006E+12,5.20263E+12,5.67283E+12,5.95234E+12,5.80579E+12,6.78497E+12,7.226E+12,7.78402E+12,8.34129E+12,9.91871E+12,1.2407E+13,1.5999E+13,1.83736E+13,1.75618E+13,1.40419E+13,1.9354E+13,2.30091E+13,2.46833E+13,2.39725E+13,2.52176E+13,2.78321E+13,2.94814E+13,3.13905E+13,
China,CHN,Tax revenue (current LCU),GC.TAX.TOTL.CN,,,,,,,,,,,,,,,,,,,,,,,,,,,,,,,,,,,,,,,,,,,,,,1.60518E+12,1.98751E+12,2.63918E+12,3.22483E+12,3.59302E+12,4.20858E+12,5.03203E+12,,5.87492E+12,6.2288E+12,6.45937E+12,6.8093E+12,,
Cote d'Ivoire,CIV,Tax revenue (current LCU),GC.TAX.TOTL.CN,,,,,,,,,,,,,,,,,,,,,,,,,,,,,,,5.294E+11,,,,,1.0333E+12,,,,,,1.1741E+12,1.25933E+12,1.1901E+12,1.2414E+12,1.2512E+12,1.36434E+12,1.4682E+12,1.63301E+12,1.67356E+12,1.76558E+12,1.30925E+12,1.96823E+12,2.24623E+12,2.43994E+12,3.0271E+12,3.2876E+12,3.58471E+12,
Cameroon,CMR,Tax revenue (current LCU),GC.TAX.TOTL.CN,,,,,,,,,,,,,,,,,,,,,,,,,,,,,,,3.2748E+11,2.9745E+11,3.1166E+11,3.0013E+11,2.9154E+11,3.8958E+11,,,6.4618E+11,6.9099E+11,,,,,,,,,,,,,1.74657E+12,1.91942E+12,2.2072E+12,2.3063E+12,2.3349E+12,2.4893E+12,
"Congo, Dem. Rep.",COD,Tax revenue (current LCU),GC.TAX.TOTL.CN,,,,,,,,,,,,,,,,,,,,,,,,,,,,,,,2.080213333,20.72,482.6566667,9174.576667,1842630,19550000,137870000,324300000,534436000,1793000000,10269266000,61419933000,1.28161E+11,1.46387E+11,2.17064E+11,3.35703E+11,4.62101E+11,6.04746E+11,9.92416E+11,1.19181E+12,1.6314E+12,,,,,,,,
"Congo, Rep.",COG,Tax revenue (current LCU),GC.TAX.TOTL.CN,,,,,,,,,,,,,,,,,,,,,,,,,,,,,,,,,,,,,,,,,,1.858E+11,1.714E+11,1.757E+11,1.91886E+11,1.99441E+11,2.233E+11,2.53381E+11,3.06379E+11,3.76062E+11,4.49088E+11,5.98653E+11,6.57461E+11,7.65E+11,8.477E+11,8.962E+11,8.079E+11,,
Colombia,COL,Tax revenue (current LCU),GC.TAX.TOTL.CN,,,,,,,,,,,,,,,,,,,,,,,,,,,,,,,,,,,,,,,1.93077E+13,2.04263E+13,2.33967E+13,,,3.06629E+13,,,,,6.21022E+13,6.35756E+13,6.60607E+13,9.02281E+13,8.81588E+13,1.00131E+14,1.19774E+14,1.27119E+14,1.29182E+14,1.3982E+14,
Comoros,COM,Tax revenue (current LCU),GC.TAX.TOTL.CN,,,,,,,,,,,,,,,,,,,,,,,,,,,,,,,,,,,,,,,,,,,,,,,,,,,,,,,,,,,
Cabo Verde,CPV,Tax revenue (current LCU),GC.TAX.TOTL.CN,,,,,,,,,,,,,,,,,,,,,,,,,,,,,,,,,,,,,,,,,,,,,,18165293152,22149540184,25500757750,28668926543,25029799147,25560543506,29186802493,26885793476,27423147535,26335554114,29800655842,30841813793,34769646881,
Costa Rica,CRI,Tax revenue (current LCU),GC.TAX.TOTL.CN,,,,,,,,,,,,,940000000,1270000000,1800000000,2090000000,2520000000,3240000000,3820000000,4110000000,4810000000,7070000000,12340000000,19680000000,23990000000,26270000000,32690000000,41070000000,51420000000,58370000000,68270000000,93270000000,1.3796E+11,1.6397E+11,1.9075E+11,2.5468E+11,3.0668E+11,3.7009E+11,4.5133E+11,5.3485E+11,5.941E+11,7.02E+11,7.9746E+11,9.354E+11,1.08877E+12,1.30587E+12,1.60748E+12,2.06342E+12,2.46903E+12,2.32367E+12,2.56486E+12,2.85625E+12,3.11288E+12,3.41632E+12,3.65294E+12,3.99898E+12,4.33108E+12,4.54851E+12,
Caribbean small states,CSS,Tax revenue (current LCU),GC.TAX.TOTL.CN,,,,,,,,,,,,,,,,,,,,,,,,,,,,,,,,,,,,,,,,,,,,,,,,,,,,,,,,,,,
Cuba,CUB,Tax revenue (current LCU),GC.TAX.TOTL.CN,,,,,,,,,,,,,,,,,,,,,,,,,,,,,,,,,,,,,,,,,,,,,,,,,,,,,,,,,,,
Curacao,CUW,Tax revenue (current LCU),GC.TAX.TOTL.CN,,,,,,,,,,,,,,,,,,,,,,,,,,,,,,,,,,,,,,,,,,,,,,,,,,,,,,,,,,,
Cayman Islands,CYM,Tax revenue (current LCU),GC.TAX.TOTL.CN,,,,,,,,,,,,,,,,,,,,,,,,,,,,,,,,,,,,,,,,,,,,,,,,,,,,,,,,,,,
Cyprus,CYP,Tax revenue (current LCU),GC.TAX.TOTL.CN,,,,,,,,,,,,,60330716.89,75537269.72,62056404.35,58792975.6,69147100.33,95647508.69,117517607.1,152800226.9,192098060.1,206450312.2,249387466.4,299210284.4,368630761,419290793.7,456828767.4,496741697.1,592918872.2,707873577.2,1345192949,1325867058,1636511781,1860073221,2217135114,2418525340,2432535872,2448938446,2835253232,3133745904,3764732416,4154122684,4349074109,4831754016,5168006780,5867508210,6646288747,8504221954,8753165184,4341900000,4486600000,4597100000,4549200000,4247300000,4325700000,4281700000,4437200000,4819200000,
Czech Republic,CZE,Tax revenue (current LCU),GC.TAX.TOTL.CN,,,,,,,,,,,,,,,,,,,,,,,,,,,,,,,,,,2.23364E+11,2.29361E+11,2.59211E+11,2.79804E+11,2.97322E+11,3.09848E+11,3.3502E+11,3.45415E+11,3.80201E+11,3.91937E+11,4.23117E+11,4.74397E+11,4.69021E+11,4.94705E+11,5.56907E+11,5.40916E+11,5.25135E+11,5.32934E+11,5.7739E+11,5.96313E+11,6.12524E+11,6.11331E+11,6.68954E+11,6.99725E+11,7.509E+11,
Germany,DEU,Tax revenue (current LCU),GC.TAX.TOTL.CN,,,,,,,,,,,,,52709080033,59442794108,61718042979,61994140595,68052949387,74796889300,79797323898,85728309720,90815663938,93019331946,94369142512,98101573245,1.07525E+11,1.12433E+11,1.15445E+11,1.20312E+11,1.23508E+11,1.37855E+11,1.43903E+11,1.84424E+11,2.00058E+11,2.0066E+11,2.13652E+11,2.17459E+11,2.09449E+11,2.10461E+11,2.18287E+11,2.37036E+11,2.46863E+11,2.38151E+11,2.38205E+11,2.43241E+11,2.35897E+11,2.43864E+11,2.58821E+11,2.833E+11,2.91805E+11,2.8436E+11,2.86794E+11,3.09285E+11,3.19164E+11,3.26431E+11,3.36146E+11,3.45981E+11,3.53319E+11,3.72193E+11,
Djibouti,DJI,Tax revenue (current LCU),GC.TAX.TOTL.CN,,,,,,,,,,,,,,,,,,,,,,,,,,,,,,,,,,,,,,,,,,,,,,,,,,,,,,,,,,,
Dominica,DMA,Tax revenue (current LCU),GC.TAX.TOTL.CN,,,,,,,,,,,,,,,,,,,,,,,,,,,,,,,,,,,,,,,,,,,,,,,,,,,,,,,,,,,
Denmark,DNK,Tax revenue (current LCU),GC.TAX.TOTL.CN,,,,,,,,,,,,,46832000000,53767000000,60605000000,62140000000,71369000000,80905000000,93657000000,1.05889E+11,1.14351E+11,1.23629E+11,1.36413E+11,1.54214E+11,1.77581E+11,2.02525E+11,2.33344E+11,2.41156E+11,2.52378E+11,2.57997E+11,2.54311E+11,2.59412E+11,2.7216E+11,2.86414E+11,3.13484E+11,3.28159E+11,3.4686E+11,3.63862E+11,3.80069E+11,3.96375E+11,4.19226E+11,4.13751E+11,4.24734E+11,4.33048E+11,4.71261E+11,5.24513E+11,5.35973E+11,6.10213E+11,6.02079E+11,5.71473E+11,5.92847E+11,6.04909E+11,6.3381E+11,6.52612E+11,7.23131E+11,6.90765E+11,7.0256E+11,7.25807E+11,
Dominican Republic,DOM,Tax revenue (current LCU),GC.TAX.TOTL.CN,,,,,,,,,,,,,275300000,315100000,421900000,578800000,524100000,575100000,537400000,606600000,696900000,734400000,659600000,779800000,1046100000,1521700000,2006000000,2519200000,3843800000,5250200000,6209500000,9378600000,15769300000,18239000000,19463900000,22642700000,24335100000,31986000000,36426900000,40412500000,47843000000,57177457517,63100647726,73831265378,1.17203E+11,1.48412E+11,1.7653E+11,2.17104E+11,2.35306E+11,2.19365E+11,2.42097E+11,2.71804E+11,3.10814E+11,3.53762E+11,3.91643E+11,4.10704E+11,4.5024E+11,4.95515E+11,
Algeria,DZA,Tax revenue (current LCU),GC.TAX.TOTL.CN,,,,,,,,,,,,,,,,,,,,,,,,,,,,,,,,,,,3.98138E+11,5.69302E+11,7.866E+11,8.78778E+11,7.08384E+11,8.74888E+11,1.52274E+12,1.3546E+12,1.4258E+12,1.4487E+12,1.64821E+12,2.32648E+12,3.46445E+12,3.50088E+12,4.9976E+12,3.50305E+12,4.12543E+12,5.42487E+12,,,,,,,
East Asia & Pacific (excluding high income),EAP,Tax revenue (current LCU),GC.TAX.TOTL.CN,,,,,,,,,,,,,,,,,,,,,,,,,,,,,,,,,,,,,,,,,,,,,,,,,,,,,,,,,,,
Early-demographic dividend,EAR,Tax revenue (current LCU),GC.TAX.TOTL.CN,,,,,,,,,,,,,,,,,,,,,,,,,,,,,,,,,,,,,,,,,,,,,,,,,,,,,,,,,,,
East Asia & Pacific,EAS,Tax revenue (current LCU),GC.TAX.TOTL.CN,,,,,,,,,,,,,,,,,,,,,,,,,,,,,,,,,,,,,,,,,,,,,,,,,,,,,,,,,,,
Europe & Central Asia (excluding high income),ECA,Tax revenue (current LCU),GC.TAX.TOTL.CN,,,,,,,,,,,,,,,,,,,,,,,,,,,,,,,,,,,,,,,,,,,,,,,,,,,,,,,,,,,
Europe & Central Asia,ECS,Tax revenue (current LCU),GC.TAX.TOTL.CN,,,,,,,,,,,,,,,,,,,,,,,,,,,,,,,,,,,,,,,,,,,,,,,,,,,,,,,,,,,
Ecuador,ECU,Tax revenue (current LCU),GC.TAX.TOTL.CN,,,,,,,,,,,,,,,,,,,,,,,,,,,,,,,,,,,,,,,,,,,,,,,,,,,,,,,,,,,
"Egypt, Arab Rep.",EGY,Tax revenue (current LCU),GC.TAX.TOTL.CN,,,,,,,,,,,,,,,,1089000000,1162000000,2095000000,2254000000,2685000000,,4299000000,4872000000,5608000000,5829000000,6436000000,7197000000,7504000000,8839000000,10656000000,12679000000,16580000000,25706000000,29122000000,33333000000,35951000000,40060000000,42450000000,,,,,50802000000,55736000000,67146000000,75759600000,97778900000,1.14326E+11,1.37195E+11,1.63223E+11,1.70494E+11,1.92072E+11,2.0741E+11,2.51118E+11,2.60289E+11,3.05957E+11,,,
Euro area,EMU,Tax revenue (current LCU),GC.TAX.TOTL.CN,,,,,,,,,,,,,,,,,,,,,,,,,,,,,,,,,,,,,,,,,,,,,,,,,,,,,,,,,,,
Eritrea,ERI,Tax revenue (current LCU),GC.TAX.TOTL.CN,,,,,,,,,,,,,,,,,,,,,,,,,,,,,,,,,,,,,,,,,,,,,,,,,,,,,,,,,,,
Spain,ESP,Tax revenue (current LCU),GC.TAX.TOTL.CN,,,,,,,,,,,,,,,,,,,,,,,,,,,,,,,,,,,,73073000000,79786000000,81171000000,87732000000,95711000000,1.04901E+11,1.1093E+11,1.12421E+11,1.17527E+11,1.28891E+11,1.45714E+11,1.625E+11,1.80764E+11,1.47982E+11,1.18776E+11,1.40159E+11,1.33247E+11,1.27256E+11,1.4354E+11,1.47915E+11,1.5585E+11,1.55007E+11,1.61035E+11,
Estonia,EST,Tax revenue (current LCU),GC.TAX.TOTL.CN,,,,,,,,,,,,,,,,,,,,,,,,,,,,,,,,1274426.031,6956650.558,14953265.44,26996999.9,653570000,804040000,1004560000,1127570000,1131370000,1214960000,1342990000,1535910000,1733950000,1978240000,2166600000,2708260000,3316840000,3207630000,3041320000,2922270000,3209350000,3574750000,3813780000,4159480000,4470430000,4732420000,4988470000,
Ethiopia,ETH,Tax revenue (current LCU),GC.TAX.TOTL.CN,,,,,,,,,,,,,,,,,,,,,,,,,,,,,,,2177300000,2076500000,1647000000,2230100000,3076400000,4039800000,4835100000,5873400000,6059600000,6295800000,,5541400000,6512103522,6746100000,8453800000,9360400000,10960800000,13539800000,19551500000,22242100000,31500800000,47435430000,70081250181,75983252160,93478489617,1.08397E+11,1.26813E+11,1.39364E+11,
European Union,EUU,Tax revenue (current LCU),GC.TAX.TOTL.CN,,,,,,,,,,,,,,,,,,,,,,,,,,,,,,,,,,,,,,,,,,,,,,,,,,,,,,,,,,,
Fragile and conflict affected situations,FCS,Tax revenue (current LCU),GC.TAX.TOTL.CN,,,,,,,,,,,,,,,,,,,,,,,,,,,,,,,,,,,,,,,,,,,,,,,,,,,,,,,,,,,
Finland,FIN,Tax revenue (current LCU),GC.TAX.TOTL.CN,,,,,,,,,,,,,2237908549,2753740920,3366954100,4040714933,5113081152,5498736068,5628745335,6171824149,7222157750,8575565994,9486135428,10666646484,12155950573,13674687549,15030282236,15348493793,18558696745,21170655243,22210897569,21237594038,21097157119,19215134222,20970847987,20401664000,22367215900,25060903700,27358351100,28412776900,33074699600,31658726500,33360200000,33473000000,34629000000,35890000000,37035000000,39407000000,39807000000,34319000000,34997000000,39635000000,40480000000,42179000000,42686000000,43272000000,45273000000,46882000000,
Fiji,FJI,Tax revenue (current LCU),GC.TAX.TOTL.CN,,,,,,,,,,,,,,,,,,,,,,,,,,,,,,,450590000,446620000,497320000,539870000,574450000,615310000,633520000,,,,,,,,1048871000,1085415000,1245483074,,,,1312065197,1558299102,1651774804,1824426330,2083159152,2331646304,2425413730,2723607917,
France,FRA,Tax revenue (current LCU),GC.TAX.TOTL.CN,,,,,,,,,,,,,29224476604,32029538522,39514785268,41801520526,51360073907,55964034228,63647464697,74989671579,87155103155,98771718268,1.14855E+11,1.26487E+11,1.38347E+11,1.48897E+11,1.60148E+11,1.70089E+11,1.77756E+11,1.88516E+11,1.97374E+11,2.06531E+11,2.08855E+11,2.09968E+11,2.25167E+11,2.38296E+11,2.56402E+11,2.73917E+11,3.12724E+11,3.32675E+11,3.47515E+11,3.61273E+11,3.59954E+11,3.62276E+11,3.79405E+11,3.95753E+11,4.19252E+11,4.32199E+11,4.41282E+11,4.03374E+11,4.40748E+11,4.52006E+11,4.73793E+11,4.94759E+11,5.0128E+11,5.13564E+11,5.18426E+11,5.46365E+11,
Faroe Islands,FRO,Tax revenue (current LCU),GC.TAX.TOTL.CN,,,,,,,,,,,,,,,,,,,,,,,,,,,,,,,,,,,,,,,,,,,,,,,,,,,,,,,,,,,
"Micronesia, Fed. Sts.",FSM,Tax revenue (current LCU),GC.TAX.TOTL.CN,,,,,,,,,,,,,,,,,,,,,,,,,,,,,,,,,,,,,,,,,,,,,,,,,11283705,12321356,13840968,15453239,16008357,17340657,40049592,17148194,19947513,38162243,
Gabon,GAB,Tax revenue (current LCU),GC.TAX.TOTL.CN,,,,,,,,,,,,,,,,,,,,,,,,,,,,,,,,,,,,,,,,,,,,,,,,,,,,,1.23261E+12,1.3956E+12,1.35771E+12,1.091E+12,9.53069E+11,,
United Kingdom,GBR,Tax revenue (current LCU),GC.TAX.TOTL.CN,,,,,,,,,,,,,15665000000,16561000000,20940000000,26516000000,30810000000,35179000000,38806000000,45405000000,58042000000,66301000000,76257000000,79615000000,85965000000,95822000000,1.00529E+11,1.05596E+11,1.17637E+11,1.28951E+11,1.48693E+11,1.61001E+11,1.63205E+11,1.62645E+11,1.77335E+11,1.97897E+11,2.0989E+11,2.25508E+11,2.48566E+11,2.64378E+11,2.85668E+11,2.91292E+11,2.95146E+11,3.07133E+11,3.30634E+11,3.54345E+11,3.76756E+11,3.98207E+11,4.17388E+11,3.70598E+11,4.02763E+11,4.25282E+11,4.25615E+11,4.42327E+11,4.58035E+11,4.75689E+11,5.01779E+11,5.27155E+11,
Georgia,GEO,Tax revenue (current LCU),GC.TAX.TOTL.CN,,,,,,,,,,,,,,,,,,,,,,,,,,,,,,,,,,,,,,379600000,363700000,448000000,462400000,490700000,567900000,602300000,975300000,1407300000,2130300000,3010500000,4541600000,4161700000,4592400000,5802000000,6311100000,6287700000,6847000000,7549600000,7986800000,8991300000,
Ghana,GHA,Tax revenue (current LCU),GC.TAX.TOTL.CN,,,,,,,,,,,,,,,,,,,,,,,,,,,,,,,21967700,31945300,30183200,50915200,,,,,,,,654546800,854748400,1222441216,1737730248,2073746956,2395621821,3213370743,4193608293,4615857209,6164294730,8892168867,,,17004655173,32944748220,,,
Gibraltar,GIB,Tax revenue (current LCU),GC.TAX.TOTL.CN,,,,,,,,,,,,,,,,,,,,,,,,,,,,,,,,,,,,,,,,,,,,,,,,,,,,,,,,,,,
Guinea,GIN,Tax revenue (current LCU),GC.TAX.TOTL.CN,,,,,,,,,,,,,,,,,,,,,,,,,,,,,,1.64179E+11,2.13118E+11,2.44238E+11,3.21213E+11,,,,,,,,,,,,,,,,,,,,,,,,,,
"Gambia, The",GMB,Tax revenue (current LCU),GC.TAX.TOTL.CN,,,,,,,,,,,,,,,,,,,,,,,,,,,,,,,454810000,,,,,,,,,,,,,,,,,,,,,,,,,,,,
Guinea-Bissau,GNB,Tax revenue (current LCU),GC.TAX.TOTL.CN,,,,,,,,,,,,,,,,,,,,,,,,,,,,,,,,,,,,,,,,,,,,,,,,,,,,,,,,,,80929917589,
Equatorial Guinea,GNQ,Tax revenue (current LCU),GC.TAX.TOTL.CN,,,,,,,,,,,,,,,,,,,,,,,,,,,,,,,,,,,,,,,,,,,,,,,5.09951E+11,4.72788E+11,6.88634E+11,9.05659E+11,6.12377E+11,7.06113E+11,9.9928E+11,9.23217E+11,8.91871E+11,8.93101E+11,4.25289E+11,4.23787E+11,
Greece,GRC,Tax revenue (current LCU),GC.TAX.TOTL.CN,,,,,,,,,,,,,191724137.9,242435803.4,281907556.9,340983125.5,470873074.1,546118855.5,681790168.7,822949376.4,979046221.6,1048862803,1598796772,1992223037,2219163610,2677035950,3611357300,4267204696,4793132795,4905267792,6886074835,,,,,17292000000,19202000000,22394000000,25714000000,28675000000,31739000000,31866000000,34763000000,35258000000,37067000000,40499000000,43527000000,47104000000,48915000000,46974000000,45690000000,45699000000,45717000000,43394000000,44020000000,44405000000,47037000000,47329000000,
Grenada,GRD,Tax revenue (current LCU),GC.TAX.TOTL.CN,,,,,,,,,,,,,,,,,,,,,,,,,,,,,,,,150320000,147120000,158940000,157870000,172200000,,,,232000000,265130000,254570000,262410000,298300000,279505400,343885996,359983681,402829817,433776245,379936687,389893103,403032761,403180761,418984458,478154120,,,,
Greenland,GRL,Tax revenue (current LCU),GC.TAX.TOTL.CN,,,,,,,,,,,,,,,,,,,,,,,,,,,,,,,,,,,,,,,,,,,,,,,,,,,,,,,,,,,
Guatemala,GTM,Tax revenue (current LCU),GC.TAX.TOTL.CN,,,,,,,,,,,,,,,,,,,,,,,,,,,,,,,2355930000,3465220000,4488320000,5023710000,5051540000,6569610000,8144000000,9382470000,11623310000,13863060000,15071600000,15966240000,19306700000,20317660000,22001040000,23276840000,27251600000,31566600000,33356000000,31829943218,34759290440,40209543217,42772028391,46228088905,49119745755,49852971094,54239425930,,
Guam,GUM,Tax revenue (current LCU),GC.TAX.TOTL.CN,,,,,,,,,,,,,,,,,,,,,,,,,,,,,,,,,,,,,,,,,,,,,,,,,,,,,,,,,,,
Guyana,GUY,Tax revenue (current LCU),GC.TAX.TOTL.CN,,,,,,,,,,,,,,,,,,,,,,,,,,,,,,,,,,,,,,,,,,,,,,,,,,,,,,,,,,,
High income,HIC,Tax revenue (current LCU),GC.TAX.TOTL.CN,,,,,,,,,,,,,,,,,,,,,,,,,,,,,,,,,,,,,,,,,,,,,,,,,,,,,,,,,,,
"Hong Kong SAR, China",HKG,Tax revenue (current LCU),GC.TAX.TOTL.CN,,,,,,,,,,,,,,,,,,,,,,,,,,,,,,,,,,,,,,,,,,,,,,,,,,,,,,,,,,,
Honduras,HND,Tax revenue (current LCU),GC.TAX.TOTL.CN,,,,,,,,,,,,,171400000,197600000,230100000,249200000,314400000,437200000,489400000,576800000,699500000,699100000,,,,,,,,,,,,,,,,,,,,,,19632400000,23411900000,26707600000,31434900000,38269987000,42329200000,39034950000,43172300000,49543840000,53289770000,56719040704,68591319941,79854851282,,,
Heavily indebted poor countries (HIPC),HPC,Tax revenue (current LCU),GC.TAX.TOTL.CN,,,,,,,,,,,,,,,,,,,,,,,,,,,,,,,,,,,,,,,,,,,,,,,,,,,,,,,,,,,
Croatia,HRV,Tax revenue (current LCU),GC.TAX.TOTL.CN,,,,,,,,,,,,,,,,,,,,,,,,,,,,,,,,65690000,534140000,8404690000,23497210000,26678010000,29146840000,32000000000,40452570000,38317530000,39939000000,40492000000,46687261000,50334413000,52337053000,56396487000,62547707000,68479029000,71988896000,65821994000,65013561000,64089682000,65273689000,67480823000,66035294000,70681707000,75181646000,79018235000,
Haiti,HTI,Tax revenue (current LCU),GC.TAX.TOTL.CN,,,,,,,,,,,,,,,,,,,,,,,,,,,,,,,,,,,,,,,,,,,,,,,,,,,,,,,,,,,
Hungary,HUN,Tax revenue (current LCU),GC.TAX.TOTL.CN,,,,,,,,,,,,,,,,,,,,,,2.858E+11,3E+11,3.425E+11,3.527E+11,3.219E+11,3.876E+11,4.368E+11,5.036E+11,5.182E+11,6.109E+11,6.636E+11,7.365E+11,9.226E+11,1.0979E+12,1.34553E+12,1.62327E+12,1.83698E+12,2.15769E+12,2.51896E+12,2.96361E+12,3.27848E+12,3.62247E+12,3.94462E+12,4.29623E+12,4.49189E+12,4.79844E+12,5.49288E+12,6.32254E+12,6.16316E+12,6.22034E+12,5.98225E+12,6.58857E+12,6.88156E+12,7.4914E+12,8.04258E+12,8.27285E+12,8.90461E+12,
IBRD only,IBD,Tax revenue (current LCU),GC.TAX.TOTL.CN,,,,,,,,,,,,,,,,,,,,,,,,,,,,,,,,,,,,,,,,,,,,,,,,,,,,,,,,,,,
IDA & IBRD total,IBT,Tax revenue (current LCU),GC.TAX.TOTL.CN,,,,,,,,,,,,,,,,,,,,,,,,,,,,,,,,,,,,,,,,,,,,,,,,,,,,,,,,,,,
IDA total,IDA,Tax revenue (current LCU),GC.TAX.TOTL.CN,,,,,,,,,,,,,,,,,,,,,,,,,,,,,,,,,,,,,,,,,,,,,,,,,,,,,,,,,,,
IDA blend,IDB,Tax revenue (current LCU),GC.TAX.TOTL.CN,,,,,,,,,,,,,,,,,,,,,,,,,,,,,,,,,,,,,,,,,,,,,,,,,,,,,,,,,,,
Indonesia,IDN,Tax revenue (current LCU),GC.TAX.TOTL.CN,,,,,,,,,,,,,5.68E+11,9.33E+11,1.71E+12,2.093E+12,2.767E+12,3.369E+12,4.07E+12,6.496E+12,9.898E+12,1.1857E+13,1.196E+13,1.3872E+13,1.5221E+13,1.7761E+13,1.4993E+13,1.8827E+13,2.1435E+13,2.6678E+13,3.74316E+13,3.9098E+13,4.44999E+13,4.7344E+13,6.0958E+13,6.8017E+13,7.581E+13,1.00506E+14,1.43627E+14,1.7943E+14,,1.90614E+14,2.15468E+14,2.49404E+14,2.83093E+14,,,,6.58701E+14,6.19922E+14,7.23307E+14,8.73874E+14,9.80518E+14,1.08E+15,1.15E+15,1.24E+15,1.28E+15,1.34E+15,
IDA only,IDX,Tax revenue (current LCU),GC.TAX.TOTL.CN,,,,,,,,,,,,,,,,,,,,,,,,,,,,,,,,,,,,,,,,,,,,,,,,,,,,,,,,,,,
Isle of Man,IMN,Tax revenue (current LCU),GC.TAX.TOTL.CN,,,,,,,,,,,,,,,,,,,,,,,,,,,,,,,,,,,,,,,,,,,,,,,,,,,,,,,,,,,
India,IND,Tax revenue (current LCU),GC.TAX.TOTL.CN,,,,,,,,,,,,,,,64940000000,76900000000,84300000000,89430000000,1.0481E+11,1.1972E+11,1.3274E+11,1.5919E+11,1.7913E+11,2.0861E+11,2.347E+11,2.8668E+11,3.3197E+11,3.7664E+11,4.4468E+11,5.1638E+11,5.7574E+11,6.7358E+11,7.4637E+11,7.4768E+11,9.2294E+11,1.11237E+12,1.28762E+12,1.39209E+12,1.43789E+12,1.71752E+12,1.88527E+12,1.87059E+12,2.16266E+12,2.54346E+12,3.04958E+12,3.66152E+12,4.73512E+12,5.93147E+12,6.05298E+12,6.24527E+12,7.93072E+12,8.8913E+12,1.07761E+13,1.23587E+13,1.24488E+13,1.45565E+13,1.70324E+13,1.91158E+13,
Not classified,INX,Tax revenue (current LCU),GC.TAX.TOTL.CN,,,,,,,,,,,,,,,,,,,,,,,,,,,,,,,,,,,,,,,,,,,,,,,,,,,,,,,,,,,
Ireland,IRL,Tax revenue (current LCU),GC.TAX.TOTL.CN,,,,,,,,,,,,,702165157.4,859612679.1,943415392.3,1159270866,1580823908,1844929428,2144587614,2496305062,3255608433,4127918493,5068794409,5842064899,6622953817,6948006765,7411461164,7954909061,9051962761,9079896999,9599219873,10066483486,10822104616,11647307393,13115886455,14526000000,16367000000,18650000000,21310000000,24730000000,28588000000,29556000000,31982000000,35172000000,39174000000,43355000000,49592000000,51114000000,44594000000,37400000000,36558000000,37531000000,39468000000,41111000000,45057000000,49456000000,51743000000,54629000000,
"Iran, Islamic Rep.",IRN,Tax revenue (current LCU),GC.TAX.TOTL.CN,,,,,,,,,,,,,1.074E+11,1.408E+11,1.693E+11,2.892E+11,3.63E+11,4.674E+11,4.876E+11,3.818E+11,3.492E+11,5.613E+11,6.3E+11,8.23E+11,9.6E+11,1.1587E+12,1.0859E+12,1.1662E+12,1.1902E+12,1.4623E+12,2.1167E+12,3.3142E+12,4.9449E+12,4.097E+12,6.108E+12,1.2278E+13,2.1489E+13,3.2164E+13,3.0562E+13,3.95551E+13,3.6813E+13,4.24298E+13,5.11231E+13,6.54394E+13,8.50491E+13,1.35143E+14,1.51849E+14,1.92815E+14,2.40954E+14,3.02247E+14,,,,,,,,,
Iraq,IRQ,Tax revenue (current LCU),GC.TAX.TOTL.CN,,,,,,,,,,,,,,,,,,,,,,,,,,,,,,,,,,,,,,,,,,,,,,,,,,,,,,,2.43634E+12,2.57212E+12,4.0917E+12,,
Iceland,ISL,Tax revenue (current LCU),GC.TAX.TOTL.CN,,,,,,,,,,,,,169100000,238000000,360000000,494800000,662100000,911300000,1440200000,2203200000,3441100000,5690700000,9090000000,14136700000,19014600000,24901600000,33296400000,44183500000,58591000000,75851000000,88628600000,93175900000,94376600000,94615800000,99458200000,1.03751E+11,1.15794E+11,1.18062E+11,1.44549E+11,1.6802E+11,1.78139E+11,1.82631E+11,1.92973E+11,2.07585E+11,2.40338E+11,2.88301E+11,3.27982E+11,3.5736E+11,3.60148E+11,3.21362E+11,3.36083E+11,3.61985E+11,3.94854E+11,4.3041E+11,5.1099E+11,5.24319E+11,9.44855E+11,6.32042E+11,
Israel,ISR,Tax revenue (current LCU),GC.TAX.TOTL.CN,,,,,,,,,,,,,900000,1100000,2000000,2800000,4100000,6100000,9500000,20300000,44200000,100200000,263600000,680600000,3198800000,11396400000,17339000000,20550600000,23797400000,26644200000,31935100000,30971000000,49552000000,58082000000,71458000000,81729000000,92460000000,1.05344E+11,1.13205E+11,1.23956E+11,1.46351E+11,1.46676E+11,1.47559E+11,1.44337E+11,1.50833E+11,1.6215E+11,1.78958E+11,1.9129E+11,1.84215E+11,1.78285E+11,1.96827E+11,2.12779E+11,2.19479E+11,2.42394E+11,2.57018E+11,2.71891E+11,2.85227E+11,3.12541E+11,
Italy,ITA,Tax revenue (current LCU),GC.TAX.TOTL.CN,,,,,,,,,,,,,,6631823041,9048324872,9761551850,13595727869,17501691396,21572404675,26656406390,36662758809,44970484488,57864347431,73425710257,83265763556,90952708042,1.09337E+11,1.15918E+11,1.39289E+11,1.57588E+11,1.76725E+11,1.98084E+11,2.14254E+11,2.27407E+11,2.29717E+11,2.28355E+11,2.40662E+11,2.67721E+11,2.66588E+11,2.80402E+11,2.78976E+11,2.89408E+11,2.91768E+11,2.9864E+11,3.03686E+11,3.09157E+11,3.42585E+11,3.60165E+11,3.57316E+11,3.5288E+11,3.57217E+11,3.65164E+11,3.81243E+11,3.8074E+11,3.80778E+11,3.85963E+11,3.9738E+11,4.00364E+11,
Jamaica,JAM,Tax revenue (current LCU),GC.TAX.TOTL.CN,,,,,,,,,,,,,,,,,,,,,,,,,,,,,2160973001,2799330001,3943628701,5274935001,8551228001,11948610281,16917347684,50260913608,55191306961,59224317033,66970327085,75962113162,87074364261,90568169649,1.02859E+11,1.3107E+11,1.50482E+11,1.62576E+11,1.88354E+11,2.19518E+11,2.46217E+11,2.6586E+11,2.79874E+11,2.89882E+11,3.19765E+11,3.43836E+11,3.70877E+11,4.11854E+11,4.58323E+11,4.96895E+11,
Jordan,JOR,Tax revenue (current LCU),GC.TAX.TOTL.CN,,,,,,,,,,,,,,,,,,,,,,,,,,,,,,,497180000,530960000,829390000,812470000,871060000,976350000,1065310000,978950000,1016690000,1046380000,1139640000,1188770000,1187700000,1316920000,1698725099,2179200000,2621330000,2995200000,2758100000,2879900000,2985900000,3062200000,3351400000,3652400000,4037200000,4096100000,4254400000,4343300000,
Japan,JPN,Tax revenue (current LCU),GC.TAX.TOTL.CN,,,,,,,,,,,,,1.0121E+13,1.3725E+13,1.5813E+13,1.4478E+13,1.5872E+13,1.7748E+13,1.9739E+13,2.2993E+13,2.6392E+13,2.9517E+13,3.0975E+13,3.2061E+13,3.4854E+13,3.819E+13,3.9629E+13,4.4498E+13,4.9024E+13,5.2337E+13,5.873E+13,6.3413E+13,5.7561E+13,5.7408E+13,5.55355E+13,5.61655E+13,5.68638E+13,5.68949E+13,5.31442E+13,5.07872E+13,5.46313E+13,5.17562E+13,4.67566E+13,4.59684E+13,4.87243E+13,5.31314E+13,5.53895E+13,5.37334E+13,4.65082E+13,4.09659E+13,4.40801E+13,4.59802E+13,4.79238E+13,5.21321E+13,5.89375E+13,6.06957E+13,5.97891E+13,6.34628E+13,
Kazakhstan,KAZ,Tax revenue (current LCU),GC.TAX.TOTL.CN,,,,,,,,,,,,,,,,,,,,,,,,,,,,,,,,,,,,,,1.13492E+11,1.26438E+11,1.56182E+11,2.65746E+11,3.13432E+11,4.58227E+11,6.03396E+11,8.16458E+11,,,,,,3.42774E+12,5.15657E+12,4.12877E+12,5.77071E+12,5.63136E+12,4.02125E+12,4.66153E+12,5.60266E+12,
Kenya,KEN,Tax revenue (current LCU),GC.TAX.TOTL.CN,,,,,,,,,,,,,,,,,,,,,,,,,,,,,,,,,,,,,,,,,,,,,,,,,,,,,,,9.11804E+11,1.0216E+12,1.13656E+12,1.27696E+12,
Kyrgyz Republic,KGZ,Tax revenue (current LCU),GC.TAX.TOTL.CN,,,,,,,,,,,,,,,,,,,,,,,,,,,,,,,,,,,,,,,,,,,,,,,,,,,,,,,70316400000,72329400000,80734200000,90426400000,
Cambodia,KHM,Tax revenue (current LCU),GC.TAX.TOTL.CN,,,,,,,,,,,,,,,,,,,,,,,,,,,,,,,,,,,,,,,,,,,1.37146E+12,1.39715E+12,1.74021E+12,2.03285E+12,2.44134E+12,3.39803E+12,4.42985E+12,4.15402E+12,4.70623E+12,5.28742E+12,6.28173E+12,7.40759E+12,9.86373E+12,1.07071E+13,1.20448E+13,1.41831E+13,
Kiribati,KIR,Tax revenue (current LCU),GC.TAX.TOTL.CN,,,,,,,,,,,,,,,,,,,,,,,,,,,,,,,,,,,,,,,,,,,,,,,,,,,,31055816.27,33653731.65,34589225.79,35370862.35,50309732.92,59782608.32,53679919.71,
St. Kitts and Nevis,KNA,Tax revenue (current LCU),GC.TAX.TOTL.CN,,,,,,,,,,,,,,,,,,,,,,,,,,,,,,,84390000,86850000,94950000,108230000,121500000,,,,,,188000000,194600000,272823000,272537000,290899000,305267961,362774055,402589082,420722586.3,394462716.1,342961413.8,408037963.8,399008160.8,421256040.2,474890000,507470000,498940000,496930000,
"Korea, Rep.",KOR,Tax revenue (current LCU),GC.TAX.TOTL.CN,,,,,,,,,,,,,4.76E+11,5.79E+11,9.15E+11,1.393E+12,2.093E+12,2.63E+12,3.661E+12,4.778E+12,5.825E+12,7.278E+12,8.419E+12,1.0077E+13,1.092E+13,1.1897E+13,1.3634E+13,1.6376E+13,1.9526E+13,2.1282E+13,2.6913E+13,3.0397E+13,3.5333E+13,3.9397E+13,4.7261E+13,5.6774E+13,6.4961E+13,6.9928E+13,6.77977E+13,7.5658E+13,9.29347E+13,9.57928E+13,1.03968E+14,1.14664E+14,1.17796E+14,1.27466E+14,1.38044E+14,1.61459E+14,1.67306E+14,1.64542E+14,1.77718E+14,1.92381E+14,2.02733E+14,2.04571E+14,2.0695E+14,2.18165E+14,2.43395E+14,2.66063E+14,
Kuwait,KWT,Tax revenue (current LCU),GC.TAX.TOTL.CN,,,,,,,,,,,,,548000000,597000000,1246000000,,,187000000,324000000,149000000,209000000,261000000,214000000,197000000,201000000,125000000,109000000,79000000,71000000,84000000,82000000,8000000,5000000,79000000,105000000,93000000,91000000,108000000,118000000,,,111000000,137000000,189000000,232000000,243000000,286000000,354000000,347000000,296000000,324000000,340000000,349000000,384000000,412000000,476000000,,,
Latin America & Caribbean (excluding high income),LAC,Tax revenue (current LCU),GC.TAX.TOTL.CN,,,,,,,,,,,,,,,,,,,,,,,,,,,,,,,,,,,,,,,,,,,,,,,,,,,,,,,,,,,
Lao PDR,LAO,Tax revenue (current LCU),GC.TAX.TOTL.CN,,,,,,,,,,,,,,,,,,,,,,,,,,,,,,,,,,,,,,,,,,,,,,,,,,,,,,,,,,,
Lebanon,LBN,Tax revenue (current LCU),GC.TAX.TOTL.CN,,,,,,,,,,,,,,,,,,,,,,,,,,,,,,,,,,,,,,2.89369E+12,3.30346E+12,3.50672E+12,3.0967E+12,3.1604E+12,4.1664E+12,4.6553E+12,5.266E+12,4.91556E+12,4.98264E+12,5.59317E+12,7.20714E+12,8.99535E+12,9.76208E+12,9.85754E+12,1.00847E+13,9.94077E+12,1.02299E+13,1.01349E+13,1.04287E+13,1.22786E+13,
Liberia,LBR,Tax revenue (current LCU),GC.TAX.TOTL.CN,,,,,,,,,,,,,,,,,,,,,,,,,,,,,,,,,,,,,,,,,,,,,,72529772.93,80975748,140053346,169865315,,223878889.1,267347916,362116295.5,395924206.7,,,,,
Libya,LBY,Tax revenue (current LCU),GC.TAX.TOTL.CN,,,,,,,,,,,,,,,,,,,,,,,,,,,,,,,,,,,,,,,,,,,,,,,,,,,,,,,,,,,
St. Lucia,LCA,Tax revenue (current LCU),GC.TAX.TOTL.CN,,,,,,,,,,,,,,,,,,,,,,,,,,,,,,,,,,,,,,,,,429352526,397405403,404946000,431011000,495707481,540828006,603824570,659047468,725324381,724039267,729019264,764294489,740239301,814250921,855503420,913400000,965870000,983420000,
Latin America & Caribbean,LCN,Tax revenue (current LCU),GC.TAX.TOTL.CN,,,,,,,,,,,,,,,,,,,,,,,,,,,,,,,,,,,,,,,,,,,,,,,,,,,,,,,,,,,
Least developed countries: UN classification,LDC,Tax revenue (current LCU),GC.TAX.TOTL.CN,,,,,,,,,,,,,,,,,,,,,,,,,,,,,,,,,,,,,,,,,,,,,,,,,,,,,,,,,,,
Low income,LIC,Tax revenue (current LCU),GC.TAX.TOTL.CN,,,,,,,,,,,,,,,,,,,,,,,,,,,,,,,,,,,,,,,,,,,,,,,,,,,,,,,,,,,
Liechtenstein,LIE,Tax revenue (current LCU),GC.TAX.TOTL.CN,,,,,,,,,,,,,,,,,,,,,,,,,,,,,,,,,,,,,,,,,,,,,,,,,,,,,,,,,,,
Sri Lanka,LKA,Tax revenue (current LCU),GC.TAX.TOTL.CN,,,,,,,,,,,,,,,,,,,,,,,,,,,,,,,61206000000,68157000000,76353000000,87274000000,99417000000,1.18543E+11,1.30203E+11,1.42512E+11,1.47368E+11,1.66028E+11,1.82392E+11,2.05839E+11,2.21786E+11,2.31648E+11,2.81552E+11,3.36829E+11,4.28379E+11,5.08947E+11,5.85621E+11,6.18933E+11,7.24746E+11,8.12611E+11,9.08911E+11,1.00589E+12,1.05036E+12,1.35568E+12,1.46369E+12,1.67018E+12,
Lower middle income,LMC,Tax revenue (current LCU),GC.TAX.TOTL.CN,,,,,,,,,,,,,,,,,,,,,,,,,,,,,,,,,,,,,,,,,,,,,,,,,,,,,,,,,,,
Low & middle income,LMY,Tax revenue (current LCU),GC.TAX.TOTL.CN,,,,,,,,,,,,,,,,,,,,,,,,,,,,,,,,,,,,,,,,,,,,,,,,,,,,,,,,,,,
Lesotho,LSO,Tax revenue (current LCU),GC.TAX.TOTL.CN,,,,,,,,,,,,,,,,,,,,,,,109770000,150610000,190182000,213020000,230946000,261704000,327713000,444347000,,539827716.6,670776964.2,810198443.4,931518286.2,1044780043,1096720512,1343413275,1287333000,1378653176,1412537951,1832752308,1978422424,2374900000,2827200000,3057000000,4134600000,4659200000,5584500000,5898700000,4956300000,5657900000,7748900000,8201500000,9624100000,10167200000,9108700000,10006900000,
Late-demographic dividend,LTE,Tax revenue (current LCU),GC.TAX.TOTL.CN,,,,,,,,,,,,,,,,,,,,,,,,,,,,,,,,,,,,,,,,,,,,,,,,,,,,,,,,,,,
Lithuania,LTU,Tax revenue (current LCU),GC.TAX.TOTL.CN,,,,,,,,,,,,,,,,,,,,,,,,,,,,,,,,24601772.47,,469560936.1,718547266,1538570000,1836278000,2537449000,2888935000,2823505000,2710395000,2750997000,2915298000,3174131000,3527694000,4144506000,4927125000,5909398000,6689446000,4583286000,4475594000,4848642000,5188585000,5466594000,5793140000,6234045000,6583784000,7031361000,
Luxembourg,LUX,Tax revenue (current LCU),GC.TAX.TOTL.CN,,,,,,,,,,,,,345786677.7,433615353.5,542862029.9,588449649.1,666213847.8,768197243.9,872089420.2,877419130.9,974692550.1,1060339763,1195441734,1459547495,1582676209,1675239651,1788774885,1875983827,2022637637,2215647535,2421671844,2530447522,2744032583,3244306505,3674624875,3740036000,3972287000,4388370000,4650499000,5166848000,5867442000,5979288000,6214017000,6471449000,6770478000,7686673000,8194736000,9167003000,9413322000,9295500000,10051534000,10615199000,11341508000,12040797000,12808904000,13064198000,13665447000,14367226000,
Latvia,LVA,Tax revenue (current LCU),GC.TAX.TOTL.CN,,,,,,,,,,,,,,,,,,,,,,,,,,,,,,,,,,,439951963.8,785200425.7,873528039.1,1200642000,1423304364,1421904258,1422812050,1543551260,1678136436,1933941753,2256030131,2929108258,3805154780,4906160181,5072984787,3547498307,3555701163,4071174894,4620747748,4947638317,5207900069,5496754429,5959224763,6332896512,
"Macao SAR, China",MAC,Tax revenue (current LCU),GC.TAX.TOTL.CN,,,,,,,,,,,,,,,,,,,,,,,,,,,,,,,,,,,,,7491650000,9242900000,7713550000,7426633620,8113405900,9037036232,10206455270,13260934779,18159528344,20438000000,25153000000,37730492222,50989542404,50514150706,77716833150,1.10566E+11,1.26999E+11,1.49824E+11,1.53864E+11,1.04856E+11,1.00087E+11,1.1742E+11,
St. Martin (French part),MAF,Tax revenue (current LCU),GC.TAX.TOTL.CN,,,,,,,,,,,,,,,,,,,,,,,,,,,,,,,,,,,,,,,,,,,,,,,,,,,,,,,,,,,
Morocco,MAR,Tax revenue (current LCU),GC.TAX.TOTL.CN,,,,,,,,,,,,,,,,,,,,,,,,,,,,,,,46459000000,51765000000,59440000000,59602000000,61781000000,61168000000,,72375000000,76953000000,81118000000,,,88781303143,93663657143,1.00353E+11,1.15911E+11,1.29508E+11,1.54795E+11,1.89941E+11,1.75566E+11,1.79045E+11,1.91051E+11,2.02674E+11,2.00678E+11,2.03832E+11,2.09559E+11,2.17397E+11,2.31269E+11,
Monaco,MCO,Tax revenue (current LCU),GC.TAX.TOTL.CN,,,,,,,,,,,,,,,,,,,,,,,,,,,,,,,,,,,,,,,,,,,,,,,,,,,,,,,,,,,
Moldova,MDA,Tax revenue (current LCU),GC.TAX.TOTL.CN,,,,,,,,,,,,,,,,,,,,,,,,,,,,,,,,,,,,,942700000,1630300000,1649300000,1855300000,2359000000,2318800000,2905500000,4052500000,5239600000,6960100000,8758900000,10988700000,12865000000,10687200000,13079900000,15053300000,16450000000,18491300000,22208000000,23905400000,26125600000,31201500000,
Madagascar,MDG,Tax revenue (current LCU),GC.TAX.TOTL.CN,,,,,,,,,,,,,39864000000,41474000000,,,,,78828000000,91355000000,97470000000,,,,,,,,3.606E+11,3.541E+11,86840000000,67220000000,96820000000,1.053E+11,1.4044E+11,2.2416E+11,2.7486E+11,3.3758E+11,,,5.9444E+11,5.8128E+11,4.6082E+11,,,,,,,,,,,,,,,,
Maldives,MDV,Tax revenue (current LCU),GC.TAX.TOTL.CN,,,,,,,,,,,,,,,,,,,,7200000,16400000,23300000,42000000,51500000,71500000,90200000,104400000,160000000,200900000,258500000,286800000,366200000,450400000,485200000,536400000,638500000,713100000,864100000,902700000,977300000,1013800000,1046600000,1091700000,1268700000,1647200000,1722800000,2370400000,2905100000,3366800000,2732000000,2931100000,4892983050,,,11068364599,,,,
Middle East & North Africa,MEA,Tax revenue (current LCU),GC.TAX.TOTL.CN,,,,,,,,,,,,,,,,,,,,,,,,,,,,,,,,,,,,,,,,,,,,,,,,,,,,,,,,,,,
Mexico,MEX,Tax revenue (current LCU),GC.TAX.TOTL.CN,,,,,,,,,,,,,43000000,49000000,72000000,101000000,124000000,184000000,251000000,348000000,539000000,682000000,1168000000,2438000000,3903000000,6175000000,9767000000,25921000000,47111000000,66156000000,87062000000,1.0959E+11,1.30404E+11,1.4151E+11,1.51277E+11,1.96003E+11,2.73058E+11,3.56141E+11,3.92295E+11,4.93975E+11,6.40777E+11,,,,,,,,1.23832E+12,1.17733E+12,1.35146E+12,1.46838E+12,1.54587E+12,1.67567E+12,1.85781E+12,2.37396E+12,2.72434E+12,2.85927E+12,
Marshall Islands,MHL,Tax revenue (current LCU),GC.TAX.TOTL.CN,,,,,,,,,,,,,,,,,,,,,,,,,,,,,,,,,,,,,,,,,,,,,,,,,28159223,27578751,28243331,29008814,29229449,30384532,29130420,31445105,34604894,37094200,
Middle income,MIC,Tax revenue (current LCU),GC.TAX.TOTL.CN,,,,,,,,,,,,,,,,,,,,,,,,,,,,,,,,,,,,,,,,,,,,,,,,,,,,,,,,,,,
North Macedonia,MKD,Tax revenue (current LCU),GC.TAX.TOTL.CN,,,,,,,,,,,,,,,,,,,,,,,,,,,,,,,,,,,,,,,,,,,,,,56831664037,60547984389,71127943666,76854000000,71023000000,73753000000,78910000000,76617000000,78641090018,85662389782,94006186766,1.00825E+11,1.06074E+11,
Mali,MLI,Tax revenue (current LCU),GC.TAX.TOTL.CN,,,,,,,,,,,,,,,,,,,,,,,,,,,,,,,,,,,,,,,,,2.26839E+11,2.68893E+11,3.02921E+11,3.49035E+11,3.93671E+11,4.38118E+11,4.80425E+11,5.097E+11,5.19426E+11,6.24292E+11,6.81895E+11,7.6826E+11,8.25255E+11,8.52429E+11,8.97E+11,1.09205E+12,1.2797E+12,1.4171E+12,
Malta,MLT,Tax revenue (current LCU),GC.TAX.TOTL.CN,,,,,,,,,,,,,55532261.82,65362217.56,69788027.02,80293501.05,92709061.26,112951316.1,136501281.2,,198113207.5,215443745.6,219380386.7,209760074.5,199277894.2,215932914,225692988.6,233286745.9,273911017.9,307803400.9,800169334,891488584.6,991652183.4,1091978562,1116938071,1445935243,1361504775,1590228279,1549855579,1825380853,2017915211,2203952947,2426109946,2588597717,2693726997,3034644771,3243296063,3619084556,1601518000,1628416000,1725088000,1787109000,1892053000,2044728000,2274699000,2433035000,2659439000,2990539000,
Myanmar,MMR,Tax revenue (current LCU),GC.TAX.TOTL.CN,,,,,,,,,,,,,,1106000000,1473000000,1860000000,2415000000,3097000000,3183000000,3608000000,3711000000,4257000000,4602000000,4602000000,4601000000,4622000000,4375000000,4373000000,3426000000,5313000000,9417000000,10480000000,12563000000,17036000000,20101000000,22644000000,31357000000,49429000000,56653000000,60294000000,75727000000,80094000000,1.12564E+11,1.70569E+11,2.97104E+11,4.76945E+11,,,,,,,2.31902E+12,3.20779E+12,3.80857E+12,4.36723E+12,5.10951E+12,5.4425E+12,
Middle East & North Africa (excluding high income),MNA,Tax revenue (current LCU),GC.TAX.TOTL.CN,,,,,,,,,,,,,,,,,,,,,,,,,,,,,,,,,,,,,,,,,,,,,,,,,,,,,,,,,,,
Montenegro,MNE,Tax revenue (current LCU),GC.TAX.TOTL.CN,,,,,,,,,,,,,,,,,,,,,,,,,,,,,,,,,,,,,,,,,,,,,,,,,,,,,,,,,,,
Mongolia,MNG,Tax revenue (current LCU),GC.TAX.TOTL.CN,,,,,,,,,,,,,,,,,,,,,,,,,,,,,,,,,6220000000,39883000000,43270000000,63673000000,70865000000,98633000000,79028000000,1.05955E+11,1.70269E+11,2.04078E+11,2.07305E+11,3.29942E+11,,,1.15631E+12,1.16378E+12,1.4194E+12,1.09011E+12,1.91162E+12,2.4328E+12,2.55535E+12,3.01634E+12,2.86765E+12,2.72314E+12,2.71645E+12,3.79459E+12,
Northern Mariana Islands,MNP,Tax revenue (current LCU),GC.TAX.TOTL.CN,,,,,,,,,,,,,,,,,,,,,,,,,,,,,,,,,,,,,,,,,,,,,,,,,,,,,,,,,,,
Mozambique,MOZ,Tax revenue (current LCU),GC.TAX.TOTL.CN,,,,,,,,,,,,,,,,,,,,,,,,,,,,,,,,,,,,,,,,,,,,,,,,,,,55600154411,71389161021,88205697402,1.11523E+11,1.35085E+11,1.29657E+11,1.5279E+11,1.86498E+11,
Mauritania,MRT,Tax revenue (current LCU),GC.TAX.TOTL.CN,,,,,,,,,,,,,,,,,,,,,,,,,,,,,,,,,,,,,,,,,,,,,,,,,,,,,,,,,,,
Mauritius,MUS,Tax revenue (current LCU),GC.TAX.TOTL.CN,,,,,,,,,,,,,,313000000,439800000,660000000,946500000,1072900000,1109500000,1260700000,1601500000,1801100000,1953400000,2436500000,2802700000,2993000000,3502300000,4314600000,5526100000,6685800000,7748700000,9074600000,9609600000,10424500000,11682900000,11319700000,11756400000,14102200000,16000000000,18323000000,20753000000,20348000000,21767800000,26121200000,29380000000,33027600000,35723100000,38550800000,48230000000,52729100000,55483730000,59531400000,65295900000,68396700000,72398900000,36865600000,78815997000,84796480165,
Malawi,MWI,Tax revenue (current LCU),GC.TAX.TOTL.CN,,,,,,,,,,,,,,,,,,,,,,,,,,,,,,,,,,,,,,,,,,,,,,,,,,1.26429E+11,1.61006E+11,1.93573E+11,2.03591E+11,2.84152E+11,4.09458E+11,4.85326E+11,6.04221E+11,7.95784E+11,8.80895E+11
Malaysia,MYS,Tax revenue (current LCU),GC.TAX.TOTL.CN,,,,,,,,,,,,,,,,,,,,,,,,,,,,,,,,,,,,,49168000000,55664000000,47387000000,42388800000,48709000000,62741041000,66859000000,64891000000,72051000000,80593000000,86630341000,95168389525,1.12897E+11,1.06504E+11,1.09515E+11,1.34885E+11,1.51643E+11,1.55952E+11,1.64205E+11,1.65441E+11,1.69343E+11,1.77659E+11,
North America,NAC,Tax revenue (current LCU),GC.TAX.TOTL.CN,,,,,,,,,,,,,,,,,,,,,,,,,,,,,,,,,,,,,,,,,,,,,,,,,,,,,,,,,,,
Namibia,NAM,Tax revenue (current LCU),GC.TAX.TOTL.CN,,,,,,,,,,,,,,,,,,,,,,,,,,,,,,,1661000000,2230800000,2455600000,2776100000,3136100000,3610300000,4113900000,5106000000,5501400000,6597700000,7465935000,8057482000,9200602000,8644058989,10362903000,11892909189,15742241678,19034825000,21095660000,22148499000,21403212000,27015397102,35193123935,38726999275,46691928469,48802917967,47464184500,54378485768,
New Caledonia,NCL,Tax revenue (current LCU),GC.TAX.TOTL.CN,,,,,,,,,,,,,,,,,,,,,,,,,,,,,,,,,,,,,,,,,,,,,,,,,,,,,,,,,,,
Niger,NER,Tax revenue (current LCU),GC.TAX.TOTL.CN,,,,,,,,,,,,,,,,,23964000000,29046000000,38024000000,48951000000,62352000000,,,,,,,,,,,,,,,,,,,,,,,,,,,,,,,,,,,,,,
Nigeria,NGA,Tax revenue (current LCU),GC.TAX.TOTL.CN,,,,,,,,,,,,,,,,,,,,,,,,,,,,,,,,,,,,,,,,,,,,,,,,,,,,,,,,,,,
Nicaragua,NIC,Tax revenue (current LCU),GC.TAX.TOTL.CN,,,,,,,,,,,,,,,,,,,,,,,,,,,,,,,41097000,1317010000,1779310000,2040350000,2334810000,2931560000,3450370000,4392020000,5413490000,6146890000,6900450000,7015000000,7738933000,9422406000,11252541600,13645000000,16262000000,18984153000,21730272000,22175230000,25585746000,31824606000,37221749960,40784961000,47235725000,54206090000,61474790000,68661649525,
Netherlands,NLD,Tax revenue (current LCU),GC.TAX.TOTL.CN,,,,,,,,,,,,,,20470025548,22580103553,25697573637,29214370312,33094191159,35485612898,37813505407,40626942747,40708623185,41643410431,41307613071,42237862514,44102899202,47474486207,50759854972,53110436491,54426399118,61251253568,68048881205,68461821202,72455087103,68407367576,68777000000,74024000000,77270000000,81651000000,89012000000,94641000000,1.02227E+11,1.06031E+11,1.04376E+11,1.06757E+11,1.16979E+11,1.26262E+11,1.33711E+11,1.36843E+11,1.30869E+11,1.34141E+11,1.31564E+11,1.26726E+11,1.30059E+11,1.38586E+11,1.4601E+11,1.55162E+11,1.70514E+11,
Norway,NOR,Tax revenue (current LCU),GC.TAX.TOTL.CN,,,,,,,,,,,,,26248000000,26882000000,30771000000,35033000000,42228000000,48791000000,53215000000,59837000000,79932000000,95817000000,1.02347E+11,1.1043E+11,1.24253E+11,1.44282E+11,1.49093E+11,1.50009E+11,1.47123E+11,1.45112E+11,1.59754E+11,1.7047E+11,1.68607E+11,1.7738E+11,1.95086E+11,2.26036E+11,2.57839E+11,2.77305E+11,2.80728E+11,3.08382E+11,4.03953E+11,4.08817E+11,4.23253E+11,4.18898E+11,4.86915E+11,5.6086E+11,6.40157E+11,6.6088E+11,7.26961E+11,6.29217E+11,6.95672E+11,7.7376E+11,8.00297E+11,7.71267E+11,7.38395E+11,6.88772E+11,6.81388E+11,7.42782E+11,
Nepal,NPL,Tax revenue (current LCU),GC.TAX.TOTL.CN,,,,,,,,,,,,,,,,,,,,,,,,,,,,,,,7235700000,8196000000,9901000000,11691000000,15402000000,19694000000,21705000000,24471000000,25991000000,28808000000,33152000000,38865000000,39331000000,42586900000,48173000000,54104800000,57426995000,71126700000,85155400000,1.17051E+11,1.59785E+11,1.81255E+11,2.11723E+11,2.59215E+11,3.1244E+11,3.55943E+11,4.21059E+11,5.53684E+11,
Nauru,NRU,Tax revenue (current LCU),GC.TAX.TOTL.CN,,,,,,,,,,,,,,,,,,,,,,,,,,,,,,,,,,,,,,,,,,,,,,,,,,,,,,,21630576.4,17318052.84,33826582.17,32762544.1,
New Zealand,NZL,Tax revenue (current LCU),GC.TAX.TOTL.CN,,,,,,,,,,,,,1926000000,2397000000,2867000000,3186000000,3848000000,4631000000,5002000000,6034000000,7063000000,8814000000,10122000000,10470000000,11975000000,14327000000,17492000000,21686000000,22935000000,,,,,,,,,,,,,36757100000,38131929000,42264145000,45220766000,49390941000,55017000000,56207000000,59711000000,57482457263,53018135628,54494353402,58329235260,61991416453,64934805783,69802985609,73921018826,79177781739,
OECD members,OED,Tax revenue (current LCU),GC.TAX.TOTL.CN,,,,,,,,,,,,,,,,,,,,,,,,,,,,,,,,,,,,,,,,,,,,,,,,,,,,,,,,,,,
Oman,OMN,Tax revenue (current LCU),GC.TAX.TOTL.CN,,,,,,,,,,,,,,,,,,,,,,,,,,,,,,,420600000,327400000,334800000,295100000,353800000,394100000,442700000,533600000,368000000,403900000,124700000,135300000,154700000,169600000,185400000,238700000,278200000,437600000,565700000,630300000,573200000,593600000,767000000,766000000,,,,,
Other small states,OSS,Tax revenue (current LCU),GC.TAX.TOTL.CN,,,,,,,,,,,,,,,,,,,,,,,,,,,,,,,,,,,,,,,,,,,,,,,,,,,,,,,,,,,
Pakistan,PAK,Tax revenue (current LCU),GC.TAX.TOTL.CN,,,,,,,,,,,,,,6953000000,10314000000,12172000000,14383000000,16505000000,20352000000,23943000000,31263000000,37652000000,41099000000,46599000000,55701000000,58215000000,69323000000,,88957000000,1.05517E+11,,,,,,,,3.09427E+11,3.43519E+11,3.86847E+11,3.86016E+11,4.22781E+11,4.59127E+11,5.25782E+11,5.80108E+11,6.24266E+11,8.5327E+11,8.5327E+11,1.0099E+12,1.18046E+12,1.48305E+12,1.67936E+12,,,,,,,
Panama,PAN,Tax revenue (current LCU),GC.TAX.TOTL.CN,,,,,,,,,,,,,,,,,,,,,,,,,,,,,,,,,,,,,,,,,,,,,,,,,,,,,,,,,,,
Peru,PER,Tax revenue (current LCU),GC.TAX.TOTL.CN,,,,,,,,,,,,,45,46,59,79,101,143,244,495,941,1382,2249,3361,7957,24762,40800,61948,373000,7165000,586270000,2946030000,5389050000,8428750000,12787810000,16457700000,19255800000,22304400000,23143800000,22071800000,22769200000,23540700000,24061600000,27404700000,31143600000,35367500000,45485429711,52453527793,58241564148,52613517362,64462196432,75540698795,84078846642,89322593860,95310474822,90176903423,89369346219,90712943994,
Philippines,PHL,Tax revenue (current LCU),GC.TAX.TOTL.CN,,,,,,,,,,,,,,,,,,,,,,,,,,,,,,,1.517E+11,1.82275E+11,2.08705E+11,2.3017E+11,2.71305E+11,3.10517E+11,3.67894E+11,4.12165E+11,4.16585E+11,4.31686E+11,4.59988E+11,4.93613E+11,5.07629E+11,5.504E+11,6.0503E+11,7.0559E+11,8.59893E+11,9.32922E+11,1.04922E+12,9.8159E+11,1.09365E+12,1.20204E+12,1.36111E+12,1.53571E+12,1.71894E+12,1.81548E+12,1.98039E+12,2.25068E+12,
Palau,PLW,Tax revenue (current LCU),GC.TAX.TOTL.CN,,,,,,,,,,,,,,,,,,,,,,,,,,,,,,,,,,,,,,,,,,,,,,,,,32780496,29201964,31120586,35379088,38599924,41364725,47172225,56607190,59546731,56917600,
Papua New Guinea,PNG,Tax revenue (current LCU),GC.TAX.TOTL.CN,,,,,,,,,,,,,,,,,,,,,,,,,,,,,,,617500000,639400000,772140000,966820000,1139021000,1222038000,1526306000,1679508000,1598200000,1923503000,1847462000,2567517000,2449199000,,,,,,,,,,,,10232100000,9157602681,8421550229,9141354769,
Poland,POL,Tax revenue (current LCU),GC.TAX.TOTL.CN,,,,,,,,,,,,,,,,,,,,,,,,,263440000,323720000,366660000,456240000,805840000,,,,,,57372000000,77187000000,93531000000,1.09245E+11,1.22348E+11,1.21849E+11,1.26949E+11,1.25485E+11,1.36783E+11,1.41655E+11,1.46507E+11,1.63596E+11,1.83859E+11,2.15256E+11,2.33596E+11,2.18599E+11,2.39196E+11,2.61523E+11,2.6013E+11,2.57852E+11,2.66613E+11,2.80865E+11,3.0471E+11,3.34325E+11,
Pre-demographic dividend,PRE,Tax revenue (current LCU),GC.TAX.TOTL.CN,,,,,,,,,,,,,,,,,,,,,,,,,,,,,,,,,,,,,,,,,,,,,,,,,,,,,,,,,,,
Puerto Rico,PRI,Tax revenue (current LCU),GC.TAX.TOTL.CN,,,,,,,,,,,,,,,,,,,,,,,,,,,,,,,,,,,,,,,,,,,,,,,,,,,,,,,,,,,
"Korea, Dem. People’s Rep.",PRK,Tax revenue (current LCU),GC.TAX.TOTL.CN,,,,,,,,,,,,,,,,,,,,,,,,,,,,,,,,,,,,,,,,,,,,,,,,,,,,,,,,,,,
Portugal,PRT,Tax revenue (current LCU),GC.TAX.TOTL.CN,,,,,,,,,,,,,,211989106.3,261370098.1,303767919.3,424477010.4,577607964.8,692830279,894344629.4,1246994743,1579692940,2008160334,2760347562,3316507218,4059716084,5073772209,5273211560,6872377570,8442154408,9889665905,11763150807,14509532028,14164363883,15975000249,17620245000,19447723000,20869533000,22869663000,25192930000,26993538000,28023689000,29869257000,30559459000,30372207000,32482799000,35021804000,37429443000,37620416000,33650192000,35443153000,37408328000,35165839000,38737380000,39329499000,41105621000,41776229000,44010996000,
Paraguay,PRY,Tax revenue (current LCU),GC.TAX.TOTL.CN,,,,,,,,,,,,,,,,,,,,,,,,,,,,,,,,,,,,,,,,,,,,,,5.4825E+12,6.3198E+12,7.04359E+12,8.69332E+12,9.24619E+12,1.14521E+13,1.32528E+13,1.39243E+13,1.49585E+13,1.75583E+13,1.83515E+13,1.95624E+13,2.18169E+13,
West Bank and Gaza,PSE,Tax revenue (current LCU),GC.TAX.TOTL.CN,,,,,,,,,,,,,,,,,,,,,,,,,,,,,,,,,,,,,,,,,,,,,,238701117.3,225903317,255105766.7,337663178.2,379262190.2,485764067.6,549638005.2,514609980,599539525.9,726402492.8,709257638,818625991.2,925863646.2,
Pacific island small states,PSS,Tax revenue (current LCU),GC.TAX.TOTL.CN,,,,,,,,,,,,,,,,,,,,,,,,,,,,,,,,,,,,,,,,,,,,,,,,,,,,,,,,,,,
Post-demographic dividend,PST,Tax revenue (current LCU),GC.TAX.TOTL.CN,,,,,,,,,,,,,,,,,,,,,,,,,,,,,,,,,,,,,,,,,,,,,,,,,,,,,,,,,,,
French Polynesia,PYF,Tax revenue (current LCU),GC.TAX.TOTL.CN,,,,,,,,,,,,,,,,,,,,,,,,,,,,,,,,,,,,,,,,,,,,,,,,,,,,,,,,,,,
Qatar,QAT,Tax revenue (current LCU),GC.TAX.TOTL.CN,,,,,,,,,,,,,,,,,,,,,,,,,,,,,,,,,,,,,,,,,,,,,29464800000,32975809230,44436110344,59786602826,66811007843,70928255030,66745270000,,,,,,,,
Romania,ROU,Tax revenue (current LCU),GC.TAX.TOTL.CN,,,,,,,,,,,,,821000,918000,1060000,1285000,1508000,1773000,2219000,2353000,2566000,2737000,2964000,3094000,3307000,3435000,3744000,3772000,3879000,4094000,19780000,49636000,135132000,393951000,885323000,1324400000,1834300000,4344200000,6563700000,9402700000,14527000000,19526200000,25108200000,34112900000,42627800000,50109200000,61515800000,74664200000,90613100000,81083300000,87768400000,1.01097E+11,1.06461E+11,1.11894E+11,1.19575E+11,1.34523E+11,1.28141E+11,1.32457E+11,
Russian Federation,RUS,Tax revenue (current LCU),GC.TAX.TOTL.CN,,,,,,,,,,,,,,,,,,,,,,,,,,,,,,,,,,,,,,,,5.4227E+11,1.00274E+12,1.41118E+12,1.47674E+12,1.75855E+12,2.25338E+12,3.59217E+12,4.4597E+12,5.5029E+12,6.5292E+12,5.028E+12,6.0425E+12,8.38843E+12,9.3674E+12,9.4396E+12,1.04757E+13,8.84224E+12,7.86223E+12,9.4492E+12,
Rwanda,RWA,Tax revenue (current LCU),GC.TAX.TOTL.CN,,,,,,,,,,,,,,2106000000,2920000000,3969000000,6129000000,7809000000,7878000000,11254000000,11304000000,,,,,,,,,20870000000,18750000000,22156000000,24590000000,,,,,,,,,,,,,,,,,,,,,,7.27991E+11,8.17615E+11,9.86838E+11,1.03498E+12,
South Asia,SAS,Tax revenue (current LCU),GC.TAX.TOTL.CN,,,,,,,,,,,,,,,,,,,,,,,,,,,,,,,,,,,,,,,,,,,,,,,,,,,,,,,,,,,
Saudi Arabia,SAU,Tax revenue (current LCU),GC.TAX.TOTL.CN,,,,,,,,,,,,,,,,,,,,,,,,,,,,,,,,,,,,,,,,,,,,,,,,,,,50106000000,58699000000,70058000000,76548000000,78605000000,81810000000,81987001327,87403173603,
Sudan,SDN,Tax revenue (current LCU),GC.TAX.TOTL.CN,,,,,,,,,,,,,,,,,,,,,,,,,,,,,,,,,,,,,,,1399980000,1722950000,,,,,,,,,,8683000000,10024400000,8062200000,15567400000,24133600000,35178000000,41963300000,47257500000,,
Senegal,SEN,Tax revenue (current LCU),GC.TAX.TOTL.CN,,,,,,,,,,,,,,,,,,,,,,,,,,,,,,,,,,,,,3.693E+11,4.011E+11,4.389E+11,4.912E+11,5.374E+11,5.762E+11,,,,,,,,1.0844E+12,1.19472E+12,1.2869E+12,1.3755E+12,,1.48253E+12,1.66409E+12,1.78859E+12,1.845E+12,
Singapore,SGP,Tax revenue (current LCU),GC.TAX.TOTL.CN,,,,,,,,,,,,,1208000000,1537000000,1933000000,2275000000,2400000000,2735000000,2922000000,3391000000,4396000000,5427000000,6428000000,7140000000,7371000000,6400000000,5208000000,5957000000,7519000000,9618000000,10254000000,11924000000,13675000000,15952000000,18699000000,19626000000,21585000000,22764000000,20131000000,21253000000,24606000000,23466000000,21025000000,21173000000,22563000000,24627000000,27940000000,34961000000,37679000000,36584000000,41807100000,46049300000,50081500000,51077100000,54083600000,55639600000,58662972565,66314736600,
Solomon Islands,SLB,Tax revenue (current LCU),GC.TAX.TOTL.CN,,,,,,,,,,,,,,,,,,,,,,,,,,,,,,,,,,,,,,,,,,,,,,,,,,,,2045268113,2281950964,2498300928,2521250769,2664438758,2614252055,2870964783,
Sierra Leone,SLE,Tax revenue (current LCU),GC.TAX.TOTL.CN,,,,,,,,,,,,,,,,,,,,,,,,,,,,,,,5231000000,17208000000,34395000000,51633000000,64907000000,59462000000,66428000000,82708000000,75692000000,76015687841,1.35165E+11,1.92577E+11,2.2347E+11,2.67959E+11,3.19269E+11,3.85582E+11,4.70891E+11,5.07466E+11,6.1348E+11,6.98873E+11,9.31291E+11,1.19124E+12,1.57122E+12,1.94399E+12,1.9502E+12,,,,
El Salvador,SLV,Tax revenue (current LCU),GC.TAX.TOTL.CN,,,,,,,,,,,,,,,,,,,,,,,,,,,,,,,,,,,,,,,1080520000,1177140000,1249850000,1634400000,1532300000,1679100000,1736800000,2132800000,2507200000,2848600000,3068600000,2636200000,2917000000,3112350000,3460800000,3750500000,3775096631,3926534496,4198368396,4434743211,
San Marino,SMR,Tax revenue (current LCU),GC.TAX.TOTL.CN,,,,,,,,,,,,,,,,,,,,,,,,,,,,,,,,,,,,2.58E+11,,,,,,,219893842,218588056.7,219607106.7,243187948.2,261954241.1,281683061.3,288742756.3,250698816,221250805.7,210474053.4,225023055,215717269,,228869712.1,221391819.6,,
Somalia,SOM,Tax revenue (current LCU),GC.TAX.TOTL.CN,,,,,,,,,,,,,,,,,,,,,,,,,,,,,,,,,,,,,,,,,,,,,,,,,,,,,,,,,,112036656.9,
Serbia,SRB,Tax revenue (current LCU),GC.TAX.TOTL.CN,,,,,,,,,,,,,,,,,,,,,,,,,,,,,,,,,,,,,,,,,,,,,,,,5.37558E+11,6.15073E+11,6.10574E+11,6.57569E+11,6.88308E+11,7.06861E+11,,,,,,
Sub-Saharan Africa (excluding high income),SSA,Tax revenue (current LCU),GC.TAX.TOTL.CN,,,,,,,,,,,,,,,,,,,,,,,,,,,,,,,,,,,,,,,,,,,,,,,,,,,,,,,,,,,
South Sudan,SSD,Tax revenue (current LCU),GC.TAX.TOTL.CN,,,,,,,,,,,,,,,,,,,,,,,,,,,,,,,,,,,,,,,,,,,,,,,,,,,,,,,,,,,
Sub-Saharan Africa,SSF,Tax revenue (current LCU),GC.TAX.TOTL.CN,,,,,,,,,,,,,,,,,,,,,,,,,,,,,,,,,,,,,,,,,,,,,,,,,,,,,,,,,,,
Small states,SST,Tax revenue (current LCU),GC.TAX.TOTL.CN,,,,,,,,,,,,,,,,,,,,,,,,,,,,,,,,,,,,,,,,,,,,,,,,,,,,,,,,,,,
Sao Tome and Principe,STP,Tax revenue (current LCU),GC.TAX.TOTL.CN,,,,,,,,,,,,,,,,,,,,,,,,,,,,,,,,,,,,,,,,,,,73535189876,95683960957,1.29927E+11,1.45854E+11,2.66617E+11,3.19777E+11,4.11008E+11,4.6157E+11,6.46952E+11,7.26009E+11,7.03734E+11,,,,,,
Suriname,SUR,Tax revenue (current LCU),GC.TAX.TOTL.CN,,,,,,,,,,,,,,,,,,,,,,,,,,,,,,,,,,,,,,,,,,477852968,523999216,712053524,853106588.8,1006746689,1206956931,1520748750,1682481017,1831708008,1877708898,2666689862,3212428026,,,,,,
Slovak Republic,SVK,Tax revenue (current LCU),GC.TAX.TOTL.CN,,,,,,,,,,,,,,,,,,,,,,,,,,,,,,,,,,,,4578006000,4702018000,4986329000,5361836000,5623295000,5835689000,5913279000,6365431000,7303425000,7950472000,9054916000,9428264000,10539960000,11236995000,9913612000,10130155000,10948312000,10884698000,11809634000,12706326000,13884379000,14153740000,15056691000,
Slovenia,SVN,Tax revenue (current LCU),GC.TAX.TOTL.CN,,,,,,,,,,,,,,,,,,,,,,,,,,,,,,,,,797279252.2,1180520781,1662076448,2051487000,2441965000,2739869000,3147431000,3589821000,3788693000,4218839000,4828236000,5293131000,5700871000,6157227000,6575369000,7040909000,7360604000,6524854000,6566341000,6610939000,6477487000,6525278000,6837706000,7184332000,7519228000,7928030000,
Sweden,SWE,Tax revenue (current LCU),GC.TAX.TOTL.CN,,,,,,,,,,,,,44370000000,45630000000,50030000000,56720000000,75380000000,84550000000,86420000000,88890000000,97980000000,1.0974E+11,1.1764E+11,1.3555E+11,1.598E+11,1.9828E+11,2.0527E+11,2.5029E+11,2.7486E+11,2.9911E+11,3.3507E+11,3.2616E+11,2.8384E+11,2.5603E+11,2.6193E+11,5.05788E+11,5.30407E+11,5.58939E+11,6.34472E+11,6.81808E+11,7.14624E+11,6.93336E+11,6.90081E+11,7.20613E+11,7.63611E+11,8.28713E+11,8.83135E+11,9.38028E+11,9.15609E+11,8.86075E+11,9.54164E+11,9.68476E+11,9.60944E+11,9.89214E+11,1.03553E+12,1.13337E+12,1.21727E+12,1.27536E+12,
Eswatini,SWZ,Tax revenue (current LCU),GC.TAX.TOTL.CN,,,,,,,,,,,,,,,,,,,,,,,,,,,,,,,,,,,,,,,,,,,,,,,,,,,,,,,,,,,
Sint Maarten (Dutch part),SXM,Tax revenue (current LCU),GC.TAX.TOTL.CN,,,,,,,,,,,,,,,,,,,,,,,,,,,,,,,,,,,,,,,,,,,,,,,,,,,,,,,,,,,
Seychelles,SYC,Tax revenue (current LCU),GC.TAX.TOTL.CN,,,,,,,,,,,,,,,,,,,,,,,,,,369400000,410300000,486600000,550000000,633100000,,,,868300000,786200000,668800000,673500000,763000000,846300000,905900000,916300000,,,,,1380034040,1385332000,1610382221,2045990940,2911125584,3260005123,4155561142,4414641167,4494645800,5149874673,5428330292,6022419278,,
Syrian Arab Republic,SYR,Tax revenue (current LCU),GC.TAX.TOTL.CN,,,,,,,,,,,,,,,,,,,,,,,,,,,,,,,,,,,,,,,,,,,,,,,,,,,,,,,,,,,
Turks and Caicos Islands,TCA,Tax revenue (current LCU),GC.TAX.TOTL.CN,,,,,,,,,,,,,,,,,,,,,,,,,,,,,,,,,,,,,,,,,,,,,,,,,,,,,,,,,,,
Chad,TCD,Tax revenue (current LCU),GC.TAX.TOTL.CN,,,,,,,,,,,,,,,,,,,,,,,,,,,,,,,,,,,,,,,,,,,,,,,,,,,,,,,,,,,
East Asia & Pacific (IDA & IBRD countries),TEA,Tax revenue (current LCU),GC.TAX.TOTL.CN,,,,,,,,,,,,,,,,,,,,,,,,,,,,,,,,,,,,,,,,,,,,,,,,,,,,,,,,,,,
Europe & Central Asia (IDA & IBRD countries),TEC,Tax revenue (current LCU),GC.TAX.TOTL.CN,,,,,,,,,,,,,,,,,,,,,,,,,,,,,,,,,,,,,,,,,,,,,,,,,,,,,,,,,,,
Togo,TGO,Tax revenue (current LCU),GC.TAX.TOTL.CN,,,,,,,,,,,,,,,,,,,,,,,,,,,,,,,,,,,,,,,,,,,,,1.56676E+11,1.5491E+11,1.70592E+11,1.95865E+11,2.11199E+11,2.29089E+11,2.46774E+11,2.9144E+11,3.14027E+11,3.59872E+11,4.1563E+11,4.68507E+11,4.98922E+11,4.84333E+11,
Thailand,THA,Tax revenue (current LCU),GC.TAX.TOTL.CN,,,,,,,,,,,,,18781000000,22595000000,35134000000,33951000000,37366000000,46842000000,56931000000,69159000000,87071000000,1.02473E+11,1.06379E+11,1.30224E+11,1.39385E+11,1.44612E+11,1.54325E+11,1.77438E+11,2.30956E+11,2.8933E+11,3.69179E+11,4.36493E+11,4.4139E+11,5.02544E+11,5.91571E+11,6.93415E+11,7.75863E+11,7.58618E+11,6.48258E+11,6.17371E+11,6.57897E+11,6.98603E+11,7.7718E+11,9.14845E+11,1.03294E+12,1.22302E+12,1.31361E+12,1.37444E+12,1.4934E+12,1.37097E+12,1.61394E+12,1.85002E+12,1.90809E+12,2.19712E+12,2.09149E+12,2.2166E+12,2.24148E+12,2.28917E+12,
Tajikistan,TJK,Tax revenue (current LCU),GC.TAX.TOTL.CN,,,,,,,,,,,,,,,,,,,,,,,,,,,,,,,,,,,,,,,78836000,110417000,137631000,210281000,,461960000,605692000,,,,,,,,,,,,,,
Turkmenistan,TKM,Tax revenue (current LCU),GC.TAX.TOTL.CN,,,,,,,,,,,,,,,,,,,,,,,,,,,,,,,,,,,,,,,,,,,,,,,,,,,,,,,,,,,
Latin America & the Caribbean (IDA & IBRD countries),TLA,Tax revenue (current LCU),GC.TAX.TOTL.CN,,,,,,,,,,,,,,,,,,,,,,,,,,,,,,,,,,,,,,,,,,,,,,,,,,,,,,,,,,,
Timor-Leste,TLS,Tax revenue (current LCU),GC.TAX.TOTL.CN,,,,,,,,,,,,,,,,,,,,,,,,,,,,,,,,,,,,,,,,,,,,,,,,,,,971622300,1412472275,1713445671,1310100000,908916999,575143356,247512473.8,320597485.1,
Middle East & North Africa (IDA & IBRD countries),TMN,Tax revenue (current LCU),GC.TAX.TOTL.CN,,,,,,,,,,,,,,,,,,,,,,,,,,,,,,,,,,,,,,,,,,,,,,,,,,,,,,,,,,,
Tonga,TON,Tax revenue (current LCU),GC.TAX.TOTL.CN,,,,,,,,,,,,,,,,,,,,,,,,,,,,,,,,,,,,,,,,,,,,,,,,,,,,,,135725767.6,141850517,160917411.2,181183972.5,211652969.1,
South Asia (IDA & IBRD),TSA,Tax revenue (current LCU),GC.TAX.TOTL.CN,,,,,,,,,,,,,,,,,,,,,,,,,,,,,,,,,,,,,,,,,,,,,,,,,,,,,,,,,,,
Sub-Saharan Africa (IDA & IBRD countries),TSS,Tax revenue (current LCU),GC.TAX.TOTL.CN,,,,,,,,,,,,,,,,,,,,,,,,,,,,,,,,,,,,,,,,,,,,,,,,,,,,,,,,,,,
Trinidad and Tobago,TTO,Tax revenue (current LCU),GC.TAX.TOTL.CN,,,,,,,,,,,,,,,,,1802100000,2457300000,2458000000,3223400000,5335500000,5847200000,,,,,,,,,,,,,,,,,,,,12168300000,11514400000,15160100000,18424500000,26558600000,35084000000,35601200000,51689400000,32536600000,37074400000,41801300000,43568900000,44641600000,47286600000,42298100000,,,
Tunisia,TUN,Tax revenue (current LCU),GC.TAX.TOTL.CN,,,,,,,,,,,,,189900000,218200000,276500000,352200000,385600000,466200000,561800000,636900000,743200000,900600000,1094500000,1307500000,1473500000,1544000000,1612300000,1652200000,1775500000,1932500000,2158100000,2452000000,2809600000,3080400000,3283600000,3493200000,3782300000,4231000000,4762700000,5206700000,5678400000,6221500000,6429100000,6630800000,7252000000,7904200000,8469800000,9508100000,11330900000,11763700000,12698600000,13667900000,14864400000,,,,,,
Turkey,TUR,Tax revenue (current LCU),GC.TAX.TOTL.CN,,,,,,,,,,,,,38800,52100,65300,94900,133900,176000,261200,405400,750000,1206400,,1938200,2375900,3981800,5990680,9072700,14249800,25572100,45431200,78734200,141797000,264436000,588058000,1084941000,2245290000,5493391000,10553122000,,,,,,,,,,1.7604E+11,1.82466E+11,2.25105E+11,2.61382E+11,2.88706E+11,3.35374E+11,3.69431E+11,4.26527E+11,4.78006E+11,5.55235E+11,
Tuvalu,TUV,Tax revenue (current LCU),GC.TAX.TOTL.CN,,,,,,,,,,,,,,,,,,,,,,,,,,,,,,,,,,,,,,,,,,,,,,,,,,,,,,,,,,,
Tanzania,TZA,Tax revenue (current LCU),GC.TAX.TOTL.CN,,,,,,,,,,,,,,,,,,,,,,,,,,,,,,,,,,,,,,,,,,,,,,,,,,4.42879E+12,4.42879E+12,5.28642E+12,6.50171E+12,7.82456E+12,9.38688E+12,9.8996E+12,1.23428E+13,1.40552E+13,1.50918E+13
Uganda,UGA,Tax revenue (current LCU),GC.TAX.TOTL.CN,,,,,,,,,,,,,,,,,,,,,,,,,,,,,,,,,,,,,,,,,,,,,,,,,,,,,,,,9.89249E+12,1.11806E+13,1.25932E+13,
Ukraine,UKR,Tax revenue (current LCU),GC.TAX.TOTL.CN,,,,,,,,,,,,,,,,,,,,,,,,,,,,,,,,,,,,,,,,16946700000,23980500000,24628100000,29578178570,36504427645,45816015156,75590200000,96573800000,1.1881E+11,1.69348E+11,1.49531E+11,1.6806E+11,2.40694E+11,2.57287E+11,2.57309E+11,2.74447E+11,4.06684E+11,4.6825E+11,5.97807E+11,
Upper middle income,UMC,Tax revenue (current LCU),GC.TAX.TOTL.CN,,,,,,,,,,,,,,,,,,,,,,,,,,,,,,,,,,,,,,,,,,,,,,,,,,,,,,,,,,,
Uruguay,URY,Tax revenue (current LCU),GC.TAX.TOTL.CN,,,,,,,,,,,,,159000,355000,571000,968000,1880000,3030000,4739000,8132000,14592000,19961000,17809000,26522000,37599000,76347000,149268000,265271000,447260000,761790000,1762000000,3797000000,6716000000,11464000000,16777000000,20680000000,28377000000,37978000000,45147000000,41551000000,40592000000,42604667000,45634286601,58464561672,70108757000,76065220000,89499084077,1.0116E+11,1.16046E+11,1.33775E+11,1.52617E+11,1.76951E+11,1.95975E+11,2.24371E+11,2.47032E+11,2.6947E+11,3.76787E+11,3.36989E+11,
United States,USA,Tax revenue (current LCU),GC.TAX.TOTL.CN,,,,,,,,,,,,,1.5119E+11,1.6385E+11,1.8292E+11,1.8847E+11,2.0137E+11,2.4188E+11,2.7143E+11,3.1538E+11,3.4683E+11,4.025E+11,4.0054E+11,3.7606E+11,4.1021E+11,4.5057E+11,4.6543E+11,5.3159E+11,5.5485E+11,6.083E+11,6.2406E+11,6.3554E+11,6.51E+11,7.0677E+11,7.7416E+11,8.3892E+11,9.1823E+11,1.01457E+12,1.11743E+12,1.18078E+12,1.32963E+12,1.2548E+12,1.0785E+12,1.0759E+12,1.1651E+12,1.3929E+12,1.5626E+12,1.6341E+12,1.5178E+12,1.1443E+12,1.2887E+12,1.488E+12,1.5868E+12,1.7657E+12,1.9189E+12,2.0414E+12,2.0546E+12,2.328E+12,
Uzbekistan,UZB,Tax revenue (current LCU),GC.TAX.TOTL.CN,,,,,,,,,,,,,,,,,,,,,,,,,,,,,,,,,,,,,,,,,,,,,,,,,,,,1.2766E+13,1.68093E+13,2.11577E+13,2.51667E+13,3.00102E+13,3.43107E+13,3.69598E+13,
St. Vincent and the Grenadines,VCT,Tax revenue (current LCU),GC.TAX.TOTL.CN,,,,,,,,,,,,,,,,,,,,,,,,,,,,,,,118500000,134700000,138700000,144600000,154500000,164000000,178600000,193100000,213600000,218300000,227614000,241570000,272830000,272532000,290903000,308858000,361708695,402587736,447955534,432608191,421473672,412138473,430577983,420634044,468320000,481220000,535410000,542370000,
"Venezuela, RB",VEN,Tax revenue (current LCU),GC.TAX.TOTL.CN,,,,,,,,,,,,,,,,,,,,,,,,,,,,,,,,,,,,,,,,,,,,,,,,,,,,,,,,,,,
British Virgin Islands,VGB,Tax revenue (current LCU),GC.TAX.TOTL.CN,,,,,,,,,,,,,,,,,,,,,,,,,,,,,,,,,,,,,,,,,,,,,,,,,,,,,,,,,,,
Virgin Islands (U.S.),VIR,Tax revenue (current LCU),GC.TAX.TOTL.CN,,,,,,,,,,,,,,,,,,,,,,,,,,,,,,,,,,,,,,,,,,,,,,,,,,,,,,,,,,,
Vietnam,VNM,Tax revenue (current LCU),GC.TAX.TOTL.CN,,,,,,,,,,,,,,,,,,,,,,,,,,,,,,,,,,,3.2679E+13,4.2907E+13,5.2499E+13,5.3106E+13,5.8954E+13,6.4892E+13,7.2918E+13,9.0093E+13,1.06322E+14,1.2717E+14,1.54922E+14,1.90999E+14,2.35537E+14,2.67711E+14,3.62008E+14,3.72048E+14,4.81711E+14,6.17368E+14,6.15867E+14,6.83514E+14,,,,,
Vanuatu,VUT,Tax revenue (current LCU),GC.TAX.TOTL.CN,,,,,,,,,,,,,,,,,,,,,,,,,,,,,,,3990400000,,,,,5004000000,5423000000,5718000000,5932000000,5924000000,,,,,,,,,,10435000000,10525800000,11329600000,12041843700,13069321000,13747676300,13467377000,14230933000,16253700000,
World,WLD,Tax revenue (current LCU),GC.TAX.TOTL.CN,,,,,,,,,,,,,,,,,,,,,,,,,,,,,,,,,,,,,,,,,,,,,,,,,,,,,,,,,,,
Samoa,WSM,Tax revenue (current LCU),GC.TAX.TOTL.CN,,,,,,,,,,,,,,,,,,,,,,,,,,,,,,,,,,,,,,,,,,,,,,,,,,,354038306.2,342595714.5,360533928.7,406029474.9,430359994.3,442022341.3,497562093.5,517455983.9,
Kosovo,XKX,Tax revenue (current LCU),GC.TAX.TOTL.CN,,,,,,,,,,,,,,,,,,,,,,,,,,,,,,,,,,,,,,,,,,,,,,,,,,,,,,,,,,,
"Yemen, Rep.",YEM,Tax revenue (current LCU),GC.TAX.TOTL.CN,,,,,,,,,,,,,,,,,,,,,,,,,,,,,,,,,,,,,,,,,,,,,,,,,,,,,,,,,,,
South Africa,ZAF,Tax revenue (current LCU),GC.TAX.TOTL.CN,,,,,,,,,,,,,2832000000,3617000000,4361000000,5168000000,5801000000,6747000000,7782000000,9368000000,12393000000,13947000000,16909000000,19239000000,23915000000,29900000000,33720000000,39125000000,49260000000,65716000000,69098000000,78387000000,79130000000,95568000000,1.06862E+11,1.26421E+11,1.47271E+11,1.65461E+11,1.85756E+11,2.0143E+11,2.20907E+11,2.53016E+11,2.8336E+11,3.05424E+11,3.58555E+11,4.21998E+11,5.01602E+11,5.82139E+11,6.35222E+11,6.11793E+11,6.88143E+11,7.61352E+11,8.326E+11,9.21948E+11,1.00999E+12,1.10735E+12,1.18155E+12,1.25489E+12,
Zambia,ZMB,Tax revenue (current LCU),GC.TAX.TOTL.CN,,,,,,,,,,,,,,,,,,,,,,,,,,,,,,,22081900,38184800,106570700,222913700,421908600,516135400,699802500,907900000,1066400000,1378300000,,2445503688,2848226832,3447687674,4553747455,5502071248,6302400000,7923241560,8895494961,9040100425,12477509534,16780541000,19549490000,21711624000,26329274000,26395795000,28855958000,37393013963,
Zimbabwe,ZWE,Tax revenue (current LCU),GC.TAX.TOTL.CN,,,,,,,,,,,,,,,,,,,,,,,,,,,,,,,,,,,,,,,,,,,,,,,,,,888952603.5,2099453398,2528228118,3052517209,,,3605383520,3237084167,3602892882,
